DateTime,USD to LBP
12/1/18 4:00,1515
12/2/18 4:00,1515
12/3/18 4:00,1515
12/4/18 4:00,1515
12/5/18 4:00,1515
12/6/18 4:00,1515
12/7/18 4:00,1515
12/8/18 4:00,1515
12/9/18 4:00,1515
12/10/18 4:00,1515
12/11/18 4:00,1515
12/12/18 4:00,1515
12/13/18 4:00,1515
12/14/18 4:00,1515
12/15/18 4:00,1515
12/16/18 4:00,1515
12/17/18 4:00,1515
12/18/18 4:00,1515
12/19/18 4:00,1515
12/20/18 4:00,1515
12/21/18 4:00,1515
12/22/18 4:00,1515
12/23/18 4:00,1515
12/24/18 4:00,1515
12/25/18 4:00,1515
12/26/18 4:00,1515
12/27/18 4:00,1515
12/28/18 4:00,1515
12/29/18 4:00,1515
12/30/18 4:00,1515
12/31/18 4:00,1515
1/1/19 4:00,1515
1/2/19 4:00,1515
1/3/19 4:00,1515
1/4/19 4:00,1515
1/5/19 4:00,1515
1/6/19 4:00,1515
1/7/19 4:00,1515
1/8/19 4:00,1515
1/9/19 4:00,1515
1/10/19 4:00,1515
1/11/19 4:00,1515
1/12/19 4:00,1515
1/13/19 4:00,1515
1/14/19 4:00,1515
1/15/19 4:00,1515
1/16/19 4:00,1515
1/17/19 4:00,1515
1/18/19 4:00,1515
1/19/19 4:00,1515
1/20/19 4:00,1515
1/21/19 4:00,1515
1/22/19 4:00,1515
1/23/19 4:00,1515
1/24/19 4:00,1515
1/25/19 4:00,1515
1/26/19 4:00,1515
1/27/19 4:00,1515
1/28/19 4:00,1515
1/29/19 4:00,1515
1/30/19 4:00,1515
1/31/19 4:00,1515
2/1/19 4:00,1515
2/2/19 4:00,1515
2/3/19 4:00,1515
2/4/19 4:00,1515
2/5/19 4:00,1515
2/6/19 4:00,1515
2/7/19 4:00,1515
2/8/19 4:00,1515
2/9/19 4:00,1515
2/10/19 4:00,1515
2/11/19 4:00,1515
2/12/19 4:00,1515
2/13/19 4:00,1515
2/14/19 4:00,1515
2/15/19 4:00,1515
2/16/19 4:00,1515
2/17/19 4:00,1515
2/18/19 4:00,1515
2/19/19 4:00,1515
2/20/19 4:00,1515
2/21/19 4:00,1515
2/22/19 4:00,1515
2/23/19 4:00,1515
2/24/19 4:00,1515
2/25/19 4:00,1515
2/26/19 4:00,1515
2/27/19 4:00,1515
2/28/19 4:00,1515
3/1/19 4:00,1515
3/2/19 4:00,1515
3/3/19 4:00,1515
3/4/19 4:00,1515
3/5/19 4:00,1515
3/6/19 4:00,1515
3/7/19 4:00,1515
3/8/19 4:00,1515
3/9/19 4:00,1515
3/10/19 5:00,1515
3/11/19 5:00,1515
3/12/19 5:00,1515
3/13/19 5:00,1515
3/14/19 5:00,1515
3/15/19 5:00,1515
3/16/19 5:00,1515
3/17/19 5:00,1515
3/18/19 5:00,1515
3/19/19 5:00,1515
3/20/19 5:00,1515
3/21/19 5:00,1515
3/22/19 5:00,1515
3/23/19 5:00,1515
3/24/19 5:00,1515
3/25/19 5:00,1515
3/26/19 5:00,1515
3/27/19 5:00,1515
3/28/19 5:00,1515
3/29/19 5:00,1515
3/30/19 5:00,1515
3/31/19 5:00,1515
4/1/19 5:00,1515
4/2/19 5:00,1515
4/3/19 5:00,1515
4/4/19 5:00,1515
4/5/19 5:00,1515
4/6/19 5:00,1515
4/7/19 5:00,1515
4/8/19 5:00,1515
4/9/19 5:00,1515
4/10/19 5:00,1515
4/11/19 5:00,1515
4/12/19 5:00,1515
4/13/19 5:00,1515
4/14/19 5:00,1515
4/15/19 5:00,1515
4/16/19 5:00,1515
4/17/19 5:00,1515
4/18/19 5:00,1515
4/19/19 5:00,1515
4/20/19 5:00,1515
4/21/19 5:00,1515
4/22/19 5:00,1515
4/23/19 5:00,1515
4/24/19 5:00,1515
4/25/19 5:00,1515
4/26/19 5:00,1515
4/27/19 5:00,1515
4/28/19 5:00,1515
4/29/19 5:00,1515
4/30/19 5:00,1515
5/1/19 5:00,1515
5/2/19 5:00,1515
5/3/19 5:00,1515
5/4/19 5:00,1515
5/5/19 5:00,1515
5/6/19 5:00,1515
5/7/19 5:00,1515
5/8/19 5:00,1515
5/9/19 5:00,1515
5/10/19 5:00,1515
5/11/19 5:00,1515
5/12/19 5:00,1515
5/13/19 5:00,1515
5/14/19 5:00,1515
5/15/19 5:00,1515
5/16/19 5:00,1515
5/17/19 5:00,1515
5/18/19 5:00,1515
5/19/19 5:00,1515
5/20/19 5:00,1515
5/21/19 5:00,1515
5/22/19 5:00,1515
5/23/19 5:00,1515
5/24/19 5:00,1515
5/25/19 5:00,1515
5/26/19 5:00,1515
5/27/19 5:00,1515
5/28/19 5:00,1515
5/29/19 5:00,1515
5/30/19 5:00,1515
5/31/19 5:00,1515
6/1/19 5:00,1515
6/2/19 5:00,1515
6/3/19 5:00,1515
6/4/19 5:00,1515
6/5/19 5:00,1515
6/6/19 5:00,1515
6/7/19 5:00,1515
6/8/19 5:00,1515
6/9/19 5:00,1515
6/10/19 5:00,1515
6/11/19 5:00,1515
6/12/19 5:00,1515
6/13/19 5:00,1515
6/14/19 5:00,1515
6/15/19 5:00,1515
6/16/19 5:00,1515
6/17/19 5:00,1515
6/18/19 5:00,1515
6/19/19 5:00,1515
6/20/19 5:00,1515
6/21/19 5:00,1515
6/22/19 5:00,1515
6/23/19 5:00,1515
6/24/19 5:00,1515
6/25/19 5:00,1515
6/26/19 5:00,1515
6/27/19 5:00,1515
6/28/19 5:00,1515
6/29/19 5:00,1515
6/30/19 5:00,1515
7/1/19 5:00,1515
7/2/19 5:00,1515
7/3/19 5:00,1515
7/4/19 5:00,1515
7/5/19 5:00,1515
7/6/19 5:00,1515
7/7/19 5:00,1515
7/8/19 5:00,1515
7/9/19 5:00,1515
7/10/19 5:00,1515
7/11/19 5:00,1515
7/12/19 5:00,1515
7/13/19 5:00,1515
7/14/19 5:00,1515
7/15/19 5:00,1515
7/16/19 5:00,1515
7/17/19 5:00,1515
7/18/19 5:00,1515
7/19/19 5:00,1515
7/20/19 5:00,1515
7/21/19 5:00,1515
7/22/19 5:00,1515
7/23/19 5:00,1515
7/24/19 5:00,1515
7/25/19 5:00,1515
7/26/19 5:00,1515
7/27/19 5:00,1515
7/28/19 5:00,1515
7/29/19 5:00,1515
7/30/19 5:00,1515
7/31/19 5:00,1515
8/1/19 5:00,1530
8/2/19 5:00,1530
8/3/19 5:00,1530
8/4/19 5:00,1540
8/5/19 5:00,1550
8/6/19 5:00,1560
8/7/19 5:00,1560
8/8/19 5:00,1560
8/9/19 5:00,1560
8/10/19 5:00,1560
8/11/19 5:00,1560
8/12/19 5:00,1560
8/13/19 5:00,1560
8/14/19 5:00,1560
8/15/19 5:00,1560
8/16/19 5:00,1580
8/17/19 5:00,1580
8/18/19 5:00,1580
8/19/19 5:00,1580
8/20/19 5:00,1580
8/21/19 5:00,1580
8/22/19 5:00,1580
8/23/19 5:00,1590
8/24/19 5:00,1590
8/25/19 5:00,1590
8/26/19 5:00,1590
8/27/19 5:00,1600
8/28/19 5:00,1620
8/29/19 5:00,1620
8/30/19 5:00,1600
8/31/19 5:00,1600
9/1/19 5:00,1640
9/2/19 5:00,1640
9/3/19 5:00,1620
9/4/19 5:00,1620
9/5/19 5:00,1650
9/6/19 5:00,1650
9/7/19 5:00,1640
9/8/19 5:00,1630
9/9/19 5:00,1620
9/10/19 5:00,1620
9/11/19 5:00,1640
9/12/19 5:00,1650
9/13/19 5:00,1650
9/14/19 5:00,1680
9/15/19 5:00,1680
9/16/19 5:00,1700
9/17/19 5:00,1720
9/18/19 5:00,1730
9/19/19 5:00,1720
9/20/19 5:00,1740
9/21/19 5:00,1730
9/22/19 5:00,1720
9/23/19 5:00,1700
9/25/19 5:00,1720
9/26/19 5:00,1740
9/27/19 5:00,1750
9/28/19 5:00,1730
9/29/19 5:00,1720
9/30/19 5:00,1700
10/1/19 5:00,1740
10/2/19 5:00,1700
10/3/19 5:00,1690
10/4/19 5:00,1680
10/5/19 5:00,1650
10/6/19 5:00,1650
10/7/19 5:00,1650
10/8/19 5:00,1650
10/9/19 5:00,1650
10/10/19 5:00,1650
10/11/19 5:00,1660
10/12/19 5:00,1680
10/13/19 5:00,1700
10/14/19 5:00,1720
10/15/19 5:00,1730
10/16/19 5:00,1750
10/17/19 5:00,1740
10/18/19 5:00,1700
10/19/19 5:00,1710
10/20/19 5:00,1710
10/21/19 5:00,1750
10/22/19 5:00,1750
10/23/19 5:00,1770
10/24/19 5:00,1800
10/25/19 5:00,1780
10/26/19 5:00,1780
10/27/19 5:00,1800
10/28/19 5:00,1770
10/29/19 5:00,1770
10/30/19 5:00,1800
10/31/19 5:00,1800
11/1/19 5:00,1750
11/2/19 5:00,1750
11/3/19 4:00,1740
11/4/19 4:00,1730
11/5/19 4:00,1690
11/6/19 4:00,1690
11/7/19 4:00,1750
11/8/19 4:00,1850
11/9/19 4:00,1890
11/10/19 4:00,1890
11/11/19 4:00,1775
11/12/19 4:00,1820
11/13/19 4:00,1900
11/14/19 4:00,1860
11/15/19 4:00,1820
11/16/19 4:00,1820
11/17/19 4:00,1820
11/18/19 4:00,1830
11/19/19 4:00,1825
11/20/19 4:00,1890
11/21/19 4:00,1925
11/22/19 4:00,1925
11/23/19 4:00,1950
11/24/19 4:00,1950
11/25/19 4:00,2050
11/26/19 4:00,2150
11/27/19 4:00,2250
11/28/19 4:00,2300
11/29/19 4:00,2250
11/30/19 4:00,2150
12/1/19 4:00,2150
12/2/19 4:00,2080
12/3/19 4:00,2050
12/4/19 4:00,2080
12/5/19 4:00,1975
12/6/19 4:00,1950
12/7/19 4:00,2025
12/8/19 4:00,2025
12/9/19 4:00,2100
12/10/19 4:00,2050
12/11/19 4:00,2025
12/12/19 4:00,2030
12/13/19 4:00,2020
12/14/19 4:00,2010
12/15/19 4:00,2010
12/16/19 4:00,2030
12/17/19 4:00,2040
12/18/19 4:00,2075
12/19/19 4:00,2125
12/20/19 4:00,2125
12/21/19 4:00,2100
12/22/19 4:00,2075
12/23/19 4:00,2050
12/24/19 4:00,2050
12/25/19 4:00,2050
12/25/19 11:00,2060
12/26/19 3:00,2050
12/26/19 5:00,2050
12/27/19 12:00,2110
12/28/19 10:33,2100
12/29/19 2:40,2090
12/30/19 1:21,2100
12/30/19 9:00,2120
12/31/19 0:51,2130
12/31/19 9:09,2125
1/1/20 4:18,2120
1/1/20 10:05,2120
1/1/20 23:59,2110
1/2/20 6:29,2125
1/2/20 11:00,2120
1/3/20 1:11,2130
1/3/20 11:38,2150
1/3/20 23:54,2160
1/4/20 2:46,2180
1/4/20 6:28,2170
1/5/20 1:13,2170
1/6/20 0:45,2200
1/6/20 2:31,2220
1/6/20 11:28,2220
1/7/20 0:36,2210
1/7/20 5:29,2250
1/7/20 10:43,2270
1/8/20 0:27,2290
1/8/20 4:15,2340
1/8/20 11:04,2380
1/8/20 23:36,2380
1/9/20 3:19,2430
1/9/20 4:55,2440
1/9/20 6:48,2450
1/9/20 9:42,2500
1/9/20 23:09,2480
1/10/20 1:46,2510
1/10/20 4:31,2530
1/10/20 5:56,2430
1/10/20 6:50,2350
1/10/20 9:26,2400
1/10/20 23:47,2400
1/12/20 1:01,2425
1/12/20 23:24,2450
1/13/20 0:26,2480
1/13/20 4:41,2510
1/13/20 6:15,2420
1/13/20 6:46,2470
1/13/20 8:56,2430
1/14/20 0:07,2450
1/14/20 3:31,2450
1/14/20 5:18,2400
1/14/20 7:38,2375
1/14/20 8:51,2350
1/14/20 23:15,2350
1/15/20 0:35,2300
1/15/20 2:12,2250
1/15/20 4:48,2200
1/15/20 6:22,2150
1/15/20 23:43,2220
1/16/20 3:54,2180
1/16/20 9:35,2150
1/17/20 0:21,2150
1/17/20 1:22,2150
1/17/20 3:25,2170
1/17/20 6:18,2230
1/17/20 7:02,2270
1/18/20 1:08,2280
1/18/20 7:15,2200
1/18/20 23:57,2220
1/19/20 6:05,2260
1/19/20 10:40,2270
1/20/20 0:02,2270
1/20/20 2:19,2270
1/20/20 5:35,2250
1/20/20 23:23,2250
1/21/20 1:30,2200
1/21/20 12:52,2050
1/22/20 1:41,2050
1/22/20 10:54,2120
1/22/20 23:19,2150
1/23/20 10:38,2220
1/24/20 0:46,2200
1/24/20 6:34,2230
1/26/20 1:51,2230
1/26/20 23:07,2200
1/27/20 23:12,2190
1/28/20 5:26,2170
1/29/20 0:31,2170
1/30/20 9:28,2150
1/31/20 0:18,2150
2/2/20 8:17,2190
2/3/20 3:45,2190
2/4/20 6:52,2200
2/5/20 0:22,2200
2/6/20 0:10,2250
2/6/20 4:47,2260
2/7/20 1:15,2350
2/9/20 1:28,2280
2/9/20 23:10,2300
2/11/20 7:22,2320
2/12/20 4:05,2300
2/14/20 2:29,2330
2/16/20 5:44,2450
2/17/20 23:21,2500
2/17/20 23:24,2525
2/19/20 10:17,2425
2/20/20 22:42,2470
2/22/20 1:25,2500
2/24/20 5:48,2460
2/25/20 0:52,2470
2/26/20 2:08,2470
2/27/20 3:50,2470
2/28/20 3:53,2470
3/1/20 1:12,2470
3/2/20 0:44,2480
3/3/20 2:14,2500
3/3/20 2:39,2520
3/3/20 23:57,2550
3/4/20 1:38,2600
3/4/20 1:42,2610
3/4/20 6:21,2650
3/4/20 23:50,2630
3/5/20 1:41,2625
3/5/20 4:27,2650
3/6/20 1:14,2680
3/6/20 3:09,2700
3/6/20 8:47,2500
3/8/20 1:12,2450
3/8/20 1:12,2450
3/9/20 3:27,2450
3/11/20 1:33,2450
3/12/20 1:08,2440
3/13/20 2:22,2480
3/14/20 2:10,2525
3/17/20 2:20,2475
3/18/20 2:28,2500
3/18/20 3:54,2550
3/18/20 10:32,2570
3/19/20 3:52,2600
3/19/20 6:22,2650
3/20/20 3:35,2680
3/20/20 11:48,2620
3/21/20 3:31,2600
3/21/20 8:59,2600
3/22/20 6:05,2600
3/23/20 2:47,2650
3/23/20 5:45,2730
3/24/20 2:12,2800
3/24/20 3:59,2780
3/24/20 13:23,2720
3/25/20 3:27,2775
3/26/20 2:51,2800
3/26/20 10:53,2780
3/27/20 2:13,2775
3/28/20 6:22,2750
3/28/20 11:41,2730
3/29/20 5:27,2740
3/30/20 1:15,2750
3/30/20 6:43,2750
3/31/20 1:20,2820
4/1/20 1:28,2820
4/1/20 2:04,2850
4/1/20 4:46,2830
4/2/20 2:17,2850
4/2/20 4:21,2850
4/3/20 1:22,2850
4/4/20 1:50,2750
4/4/20 1:50,2775
4/5/20 3:40,2775
4/6/20 5:22,2875
4/7/20 0:43,2850
4/8/20 1:33,2875
4/8/20 3:32,2900
4/9/20 2:00,2875
4/9/20 7:10,2925
4/10/20 1:22,2875
4/11/20 2:46,2950
4/13/20 8:55,2975
4/14/20 1:08,2990
4/14/20 4:47,3020
4/15/20 0:22,3020
4/15/20 9:18,3050
4/16/20 1:40,3060
4/16/20 10:12,3110
4/17/20 1:09,3200
4/17/20 3:40,3250
4/18/20 4:52,3250
4/20/20 2:09,3200
4/21/20 1:33,3200
4/22/20 0:53,3300
4/22/20 8:05,3450
4/23/20 0:17,3450
4/23/20 4:03,3700
4/23/20 9:36,3700
4/24/20 1:03,3750
4/24/20 2:07,3800
4/25/20 2:42,3900
4/25/20 8:31,3950
4/27/20 0:46,4100
4/28/20 2:59,4200
4/29/20 0:58,4050
4/29/20 7:21,3800
4/29/20 7:56,3600
4/30/20 2:59,3700
4/30/20 6:35,3700
5/1/20 2:27,3750
5/1/20 2:27,3800
5/1/20 6:32,3900
5/2/20 3:12,3850
5/4/20 1:17,3980
5/5/20 1:49,4100
5/6/20 2:51,4200
5/6/20 10:20,4220
5/7/20 0:43,4220
5/7/20 6:52,4280
5/8/20 4:54,4350
5/9/20 6:27,4250
5/10/20 3:43,4250
5/11/20 0:57,4150
5/11/20 11:01,4250
5/12/20 1:59,4300
5/13/20 1:34,4275
5/13/20 11:20,4250
5/14/20 5:11,4230
5/14/20 6:08,4230
5/15/20 3:13,4200
5/15/20 6:41,4160
5/15/20 8:54,4050
5/16/20 2:41,3950
5/16/20 4:36,3900
5/16/20 7:21,3800
5/16/20 10:31,3750
5/17/20 3:29,3750
5/18/20 1:49,4000
5/19/20 1:49,4200
5/19/20 9:27,4200
5/20/20 1:40,4250
5/21/20 1:11,4250
5/21/20 5:13,4100
5/21/20 9:21,4000
5/22/20 2:19,4000
5/23/20 6:16,4050
5/24/20 4:04,4100
5/25/20 4:20,4030
5/25/20 6:59,4080
5/26/20 2:08,4080
5/26/20 10:48,4000
5/27/20 1:44,4000
5/27/20 10:12,4000
5/28/20 2:41,4050
5/28/20 9:38,4100
5/29/20 2:10,4150
5/29/20 8:29,4240
5/30/20 1:48,4250
5/31/20 2:10,4150
6/1/20 0:59,4180
6/2/20 1:06,4150
6/2/20 1:28,4120
6/2/20 10:13,4050
6/3/20 1:27,4050
6/3/20 1:49,4000
6/4/20 0:25,4050
6/4/20 23:27,4150
6/6/20 0:42,4150
6/7/20 2:04,4200
6/7/20 23:28,4250
6/9/20 1:53,4300
6/9/20 13:14,4550
6/10/20 1:11,4550
6/10/20 3:15,4650
6/11/20 0:30,4900
6/11/20 1:55,4950
6/11/20 5:26,5000
6/12/20 2:36,5300
6/12/20 4:16,5100
6/12/20 5:57,4700
6/12/20 11:45,4400
6/13/20 2:09,4300
6/14/20 1:54,4500
6/14/20 7:22,4250
6/15/20 6:09,4700
6/16/20 1:17,4800
6/17/20 2:00,5000
6/18/20 1:26,5150
6/19/20 1:33,5150
6/20/20 0:51,5300
6/21/20 2:00,5400
6/21/20 8:36,5550
6/22/20 1:46,5700
6/22/20 7:15,5900
6/23/20 1:10,5950
6/23/20 6:28,6200
6/24/20 2:04,6300
6/25/20 1:27,7000
6/25/20 5:04,7200
6/26/20 1:49,7400
6/27/20 2:36,7800
6/28/20 1:41,8000
6/29/20 0:44,8100
6/30/20 0:43,8600
7/1/20 0:21,9200
7/2/20 0:09,9600
7/2/20 2:36,9800
7/3/20 0:49,9400
7/3/20 4:13,9000
7/3/20 7:15,8500
7/4/20 2:48,8200
7/6/20 0:35,9200
7/6/20 3:50,9300
7/6/20 11:10,8500
7/7/20 0:23,9000
7/7/20 5:40,8900
7/8/20 0:49,8800
7/9/20 0:23,8600
7/9/20 1:28,8500
7/9/20 4:01,8400
7/9/20 5:11,8200
7/9/20 10:17,8000
7/10/20 0:22,8000
7/10/20 3:59,7800
7/11/20 1:04,7500
7/12/20 0:09,6700
7/12/20 5:39,6200
7/12/20 8:22,6600
7/12/20 23:58,7000
7/13/20 5:27,8200
7/13/20 6:43,8400
7/14/20 0:20,9000
7/14/20 3:39,9000
7/14/20 5:40,8400
7/14/20 7:03,8000
7/15/20 0:04,8500
7/15/20 5:03,8500
7/15/20 6:04,8300
7/16/20 0:23,8300
7/16/20 4:14,8100
7/17/20 0:06,8000
7/17/20 3:22,8100
7/17/20 6:47,8100
7/18/20 0:04,8100
7/18/20 6:21,8200
7/19/20 0:28,8150
7/20/20 0:15,8250
7/20/20 2:52,8250
7/20/20 4:55,8100
7/20/20 11:36,8150
7/20/20 23:47,8200
7/22/20 1:08,7950
7/22/20 3:49,7900
7/22/20 5:33,7800
7/22/20 8:14,7750
7/22/20 9:42,7650
7/22/20 23:24,7600
7/23/20 1:52,7500
7/23/20 2:24,7550
7/23/20 3:39,7550
7/23/20 6:52,7600
7/23/20 9:11,7600
7/23/20 23:49,7650
7/24/20 3:34,7600
7/24/20 5:23,7600
7/24/20 23:54,7700
7/26/20 2:32,7750
7/26/20 2:35,7800
7/27/20 0:27,7900
7/27/20 2:14,7800
7/27/20 4:21,7750
7/27/20 9:47,7800
7/28/20 0:13,7800
7/28/20 2:57,7700
7/28/20 6:08,7700
7/28/20 23:59,7700
7/29/20 3:20,7700
7/29/20 4:11,7650
7/29/20 10:26,7650
7/29/20 23:58,7650
7/31/20 1:19,7700
8/1/20 10:03,7800
8/2/20 1:04,7800
8/2/20 5:41,8100
8/3/20 3:21,8100
8/3/20 4:39,8000
8/3/20 7:00,8000
8/4/20 0:38,8100
8/4/20 4:30,8100
8/4/20 5:32,8150
8/4/20 8:19,8150
8/5/20 2:41,8300
8/5/20 4:52,8500
8/5/20 9:33,8600
8/6/20 0:06,8500
8/6/20 3:05,8300
8/6/20 9:51,7700
8/7/20 0:09,7600
8/7/20 2:08,7400
8/7/20 5:34,7400
8/7/20 7:37,7400
8/7/20 10:03,7600
8/8/20 1:06,7600
8/8/20 7:21,7500
8/9/20 0:30,7550
8/9/20 8:02,7600
8/10/20 0:21,7550
8/10/20 5:46,7550
8/10/20 11:52,7600
8/11/20 1:05,7550
8/11/20 10:28,7450
8/12/20 0:07,7400
8/12/20 2:47,7350
8/12/20 3:49,7200
8/12/20 8:06,7100
8/12/20 10:22,6950
8/13/20 0:23,6900
8/13/20 2:16,6750
8/13/20 3:32,6650
8/13/20 4:49,6550
8/13/20 7:03,6800
8/13/20 8:37,7100
8/13/20 10:08,7300
8/13/20 12:34,7300
8/14/20 0:08,7300
8/14/20 1:48,7100
8/14/20 3:38,7000
8/14/20 5:07,6900
8/14/20 6:18,7000
8/14/20 7:17,7200
8/14/20 10:19,7150
8/15/20 0:19,7000
8/15/20 4:11,7050
8/16/20 1:21,7100
8/16/20 6:35,7150
8/16/20 9:00,7150
8/16/20 23:47,7150
8/17/20 3:16,7150
8/17/20 8:10,7150
8/18/20 0:12,7250
8/18/20 2:47,7300
8/18/20 6:16,7150
8/18/20 9:31,7100
8/18/20 23:57,7050
8/19/20 3:30,6950
8/19/20 9:45,7050
8/20/20 0:04,7000
8/20/20 3:13,7050
8/21/20 0:07,7100
8/21/20 4:49,7100
8/21/20 11:05,7150
8/22/20 0:15,7200
8/22/20 1:01,7150
8/22/20 4:12,7200
8/22/20 12:24,7400
8/23/20 2:28,7500
8/23/20 5:05,7400
8/23/20 7:39,7500
8/23/20 11:20,7400
8/24/20 0:15,7400
8/24/20 2:11,7400
8/24/20 3:46,7400
8/24/20 5:26,7350
8/24/20 11:21,7400
8/25/20 0:23,7400
8/25/20 2:22,7450
8/25/20 4:41,7400
8/25/20 11:47,7450
8/25/20 23:59,7500
8/26/20 3:48,7550
8/26/20 3:49,7550
8/26/20 5:44,7600
8/26/20 10:08,7700
8/27/20 0:12,7750
8/27/20 0:15,7750
8/27/20 1:47,7800
8/27/20 4:08,8000
8/27/20 5:16,7850
8/27/20 6:59,7800
8/27/20 11:42,7900
8/28/20 0:19,7850
8/28/20 1:50,7800
8/28/20 3:02,7750
8/28/20 5:13,7750
8/28/20 5:59,7700
8/28/20 8:36,7650
8/28/20 9:32,7650
8/28/20 23:58,7400
8/29/20 3:55,7450
8/29/20 4:08,7500
8/29/20 8:04,7500
8/30/20 0:38,7450
8/30/20 3:13,7350
8/30/20 7:21,7350
8/30/20 8:10,7300
8/30/20 10:50,7100
8/30/20 23:24,7100
8/31/20 0:25,7000
8/31/20 3:24,7100
8/31/20 4:33,7100
8/31/20 5:47,7100
8/31/20 7:56,7150
8/31/20 10:47,7150
8/31/20 12:42,7100
8/31/20 23:57,7150
9/1/20 1:30,7150
9/1/20 2:34,7200
9/1/20 4:16,7250
9/1/20 5:41,7250
9/1/20 10:49,7250
9/2/20 0:05,7300
9/2/20 1:02,7400
9/2/20 3:00,7350
9/2/20 4:12,7350
9/2/20 7:56,7300
9/2/20 11:18,7300
9/3/20 0:02,7300
9/3/20 0:34,7350
9/3/20 3:10,7300
9/3/20 6:44,7250
9/3/20 8:14,7250
9/3/20 11:14,7250
9/3/20 23:52,7250
9/4/20 1:26,7300
9/4/20 4:04,7300
9/5/20 2:24,7325
9/5/20 12:28,7400
9/6/20 0:00,7450
9/6/20 3:34,7400
9/6/20 8:44,7400
9/6/20 23:44,7400
9/7/20 4:36,7450
9/7/20 6:38,7450
9/7/20 11:21,7450
9/8/20 0:24,7500
9/8/20 2:32,7500
9/8/20 7:54,7500
9/9/20 0:04,7500
9/9/20 3:35,7575
9/9/20 5:33,7550
9/9/20 8:47,7550
9/9/20 23:46,7600
9/10/20 1:24,7600
9/10/20 3:09,7600
9/10/20 8:52,7700
9/10/20 23:57,7700
9/11/20 2:18,7750
9/11/20 5:03,7725
9/11/20 6:04,7650
9/11/20 6:31,7600
9/11/20 23:43,7550
9/12/20 8:26,7600
9/13/20 0:05,7600
9/13/20 0:50,7550
9/13/20 7:39,7600
9/13/20 23:57,7600
9/14/20 3:45,7575
9/14/20 5:21,7550
9/14/20 8:41,7550
9/15/20 0:43,7540
9/15/20 0:50,7530
9/15/20 5:28,7525
9/15/20 6:55,7500
9/15/20 11:47,7600
9/15/20 23:55,7650
9/16/20 4:35,7600
9/16/20 9:23,7650
9/17/20 0:05,7700
9/17/20 3:00,7600
9/17/20 7:14,7600
9/17/20 23:36,7600
9/18/20 3:37,7600
9/18/20 5:37,7625
9/19/20 8:03,7650
9/19/20 23:43,7650
9/20/20 6:22,7650
9/20/20 9:01,7650
9/21/20 0:12,7700
9/21/20 2:56,7700
9/21/20 4:34,7650
9/21/20 23:43,7850
9/22/20 1:04,7950
9/22/20 1:37,7900
9/22/20 2:05,8000
9/22/20 3:07,8000
9/22/20 4:32,7900
9/22/20 6:56,7950
9/22/20 9:51,7850
9/22/20 23:49,7800
9/23/20 2:08,7700
9/23/20 4:49,7700
9/23/20 9:56,7725
9/23/20 11:42,7750
9/24/20 0:23,7725
9/24/20 1:44,7700
9/24/20 4:57,7700
9/24/20 7:20,7725
9/25/20 0:05,7750
9/25/20 2:18,7725
9/25/20 5:30,7775
9/26/20 1:17,7900
9/26/20 2:07,8200
9/26/20 5:05,8500
9/26/20 9:31,8150
9/27/20 0:29,8300
9/27/20 2:40,8300
9/27/20 7:04,8300
9/27/20 9:12,8250
9/27/20 10:42,8200
9/27/20 23:39,8400
9/28/20 2:43,8350
9/28/20 4:37,8300
9/28/20 5:36,8250
9/28/20 12:29,8250
9/28/20 23:44,8300
9/29/20 3:26,8275
9/29/20 6:17,8300
9/29/20 9:23,8350
9/30/20 0:00,8300
9/30/20 2:27,8300
9/30/20 6:49,8300
9/30/20 23:30,8300
10/1/20 2:45,8325
10/1/20 11:37,8450
10/2/20 0:01,8500
10/2/20 3:28,8575
10/2/20 6:21,8600
10/2/20 6:51,8650
10/2/20 11:58,8700
10/3/20 0:05,8750
10/3/20 1:51,8800
10/3/20 3:03,8900
10/3/20 6:42,8500
10/3/20 7:44,8550
10/3/20 10:18,8700
10/3/20 11:59,8750
10/3/20 23:58,8650
10/3/20 23:58,8650
10/4/20 4:28,8650
10/4/20 8:54,8650
10/5/20 1:14,8700
10/5/20 5:19,8725
10/5/20 6:50,8700
10/5/20 10:22,8700
10/5/20 23:44,8725
10/6/20 1:22,8750
10/6/20 4:12,8750
10/6/20 7:12,8775
10/6/20 7:12,8775
10/6/20 23:54,8800
10/7/20 1:52,8900
10/7/20 3:24,8850
10/7/20 5:08,8800
10/7/20 9:40,8850
10/7/20 23:52,8875
10/8/20 2:37,8875
10/8/20 4:37,8850
10/8/20 7:07,8825
10/8/20 9:25,8875
10/8/20 23:36,8800
10/9/20 0:44,8750
10/9/20 1:51,8650
10/9/20 2:26,8700
10/9/20 3:15,8750
10/9/20 4:26,8800
10/10/20 0:11,8750
10/10/20 0:12,8725
10/10/20 7:12,8650
10/10/20 12:56,8550
10/11/20 0:20,8450
10/11/20 1:26,8300
10/11/20 2:47,8500
10/11/20 4:09,8450
10/11/20 5:18,8350
10/11/20 8:50,8400
10/11/20 23:28,8300
10/12/20 2:32,8300
10/12/20 4:21,8250
10/12/20 6:57,8150
10/12/20 7:29,8000
10/12/20 7:57,7900
10/12/20 9:07,7800
10/12/20 9:50,7900
10/12/20 23:42,7900
10/13/20 1:18,7950
10/13/20 2:23,8000
10/13/20 3:41,7925
10/13/20 5:26,7850
10/13/20 5:53,7800
10/13/20 7:21,7850
10/13/20 12:40,8050
10/13/20 23:47,8000
10/14/20 0:36,8100
10/14/20 2:01,8150
10/14/20 3:19,7950
10/14/20 5:05,7975
10/14/20 7:03,8000
10/14/20 9:53,8000
10/14/20 23:31,8200
10/15/20 2:23,8000
10/15/20 4:00,8100
10/15/20 4:05,8050
10/15/20 6:24,8050
10/15/20 9:14,8000
10/16/20 0:12,7950
10/16/20 1:52,7900
10/16/20 4:24,7900
10/16/20 7:28,7900
10/17/20 0:08,7875
10/17/20 4:31,7925
10/17/20 10:48,7925
10/18/20 0:02,7900
10/18/20 3:57,7850
10/18/20 10:01,7800
10/18/20 23:35,7800
10/19/20 0:39,7750
10/19/20 1:18,7700
10/19/20 2:31,7650
10/19/20 4:29,7600
10/19/20 9:35,7550
10/19/20 10:09,7500
10/19/20 11:20,7400
10/19/20 23:39,7450
10/20/20 0:54,7375
10/20/20 1:36,7400
10/20/20 3:57,7450
10/20/20 6:37,7475
10/20/20 9:55,7475
10/20/20 23:36,7525
10/21/20 1:23,7600
10/21/20 2:30,7550
10/21/20 2:30,7550
10/21/20 3:25,7400
10/21/20 4:43,7450
10/21/20 8:06,7400
10/21/20 10:40,7425
10/21/20 23:28,7400
10/22/20 0:04,7300
10/22/20 1:50,7275
10/22/20 3:18,7300
10/22/20 3:36,7250
10/22/20 4:30,7200
10/22/20 5:02,7150
10/22/20 8:01,7150
10/22/20 23:37,7050
10/23/20 1:36,6950
10/23/20 3:34,6950
10/23/20 6:29,6900
10/23/20 9:20,6875
10/24/20 0:12,6750
10/24/20 0:51,6600
10/24/20 1:13,6400
10/24/20 2:56,6375
10/24/20 4:21,6600
10/24/20 5:07,6900
10/24/20 7:25,6500
10/25/20 0:32,6750
10/25/20 1:22,6700
10/25/20 2:45,6650
10/25/20 5:08,6700
10/25/20 9:34,6800
10/26/20 0:35,6700
10/26/20 2:20,6650
10/26/20 4:32,6750
10/26/20 6:09,6775
10/26/20 11:47,6850
10/27/20 0:39,6850
10/27/20 2:26,6950
10/27/20 4:58,7000
10/27/20 6:14,6900
10/27/20 8:05,6950
10/27/20 10:27,6950
10/28/20 0:54,6950
10/28/20 2:36,6925
10/28/20 3:45,6900
10/28/20 6:19,6880
10/28/20 10:33,6875
10/29/20 0:33,6800
10/29/20 6:50,6725
10/29/20 9:06,6750
10/30/20 0:45,6775
10/30/20 3:13,6775
10/30/20 5:13,6750
10/30/20 10:36,6775
10/31/20 2:18,6800
10/31/20 5:47,6800
10/31/20 10:05,6850
11/1/20 1:00,6950
11/1/20 1:14,7000
11/1/20 7:26,7150
11/1/20 23:38,7350
11/2/20 1:31,7450
11/2/20 2:12,7500
11/2/20 3:32,7475
11/2/20 4:07,7350
11/2/20 5:01,7300
11/2/20 6:41,7100
11/2/20 7:39,7150
11/2/20 9:38,7200
11/2/20 23:43,7100
11/3/20 1:54,7075
11/3/20 4:46,7100
11/3/20 7:34,7100
11/4/20 0:07,7050
11/4/20 1:29,7000
11/4/20 2:35,7050
11/4/20 5:11,7050
11/4/20 6:18,7050
11/4/20 9:48,7100
11/4/20 23:47,7150
11/4/20 23:47,7150
11/5/20 0:38,7200
11/5/20 1:14,7250
11/5/20 2:36,7150
11/5/20 4:47,7150
11/5/20 6:11,7100
11/5/20 9:51,7150
11/5/20 23:36,7300
11/6/20 1:33,7300
11/6/20 3:33,7250
11/6/20 5:50,7300
11/6/20 7:13,7250
11/6/20 9:32,7300
11/6/20 23:50,7300
11/7/20 1:18,7350
11/7/20 4:12,7300
11/7/20 6:42,7325
11/7/20 8:21,7375
11/7/20 9:22,7450
11/7/20 10:27,7375
11/7/20 23:37,7400
11/8/20 0:30,7450
11/8/20 3:00,7450
11/8/20 3:44,7400
11/8/20 5:20,7390
11/8/20 5:42,7450
11/8/20 7:31,7450
11/8/20 9:31,7450
11/8/20 23:32,7475
11/9/20 1:58,7450
11/9/20 3:41,7450
11/9/20 5:42,7450
11/9/20 7:29,7450
11/9/20 9:33,7450
11/9/20 23:12,7400
11/10/20 11:20,7425
11/11/20 0:03,7450
11/11/20 6:52,7475
11/12/20 0:51,7475
11/12/20 2:47,7500
11/12/20 4:54,7520
11/12/20 7:31,7530
11/12/20 9:10,7550
11/12/20 10:11,7600
11/12/20 12:27,7650
11/12/20 12:31,7700
11/12/20 22:45,7600
11/12/20 23:32,7650
11/13/20 1:26,7800
11/13/20 2:16,7750
11/13/20 3:33,7650
11/13/20 5:33,7650
11/13/20 7:39,7675
11/13/20 8:55,7650
11/13/20 23:42,7700
11/14/20 1:34,7700
11/14/20 3:32,7650
11/14/20 5:31,7700
11/14/20 7:32,7690
11/14/20 9:27,7700
11/15/20 0:37,7700
11/15/20 1:36,7750
11/15/20 4:09,7750
11/15/20 5:38,7800
11/15/20 7:41,7900
11/15/20 8:48,7850
11/15/20 13:10,7900
11/15/20 23:22,7950
11/16/20 1:28,7900
11/16/20 6:22,7900
11/16/20 7:31,7900
11/16/20 9:31,7900
11/16/20 23:46,7930
11/17/20 1:30,7925
11/17/20 3:30,7925
11/17/20 5:31,7925
11/17/20 7:35,7950
11/17/20 9:30,7950
11/18/20 0:04,8000
11/18/20 1:55,8050
11/18/20 5:25,8075
11/18/20 7:26,8150
11/18/20 9:35,8250
11/18/20 12:48,8300
11/18/20 23:30,8350
11/18/20 23:55,8380
11/19/20 1:13,8500
11/19/20 3:17,8450
11/19/20 5:31,8450
11/19/20 6:14,8400
11/19/20 8:39,8375
11/19/20 9:34,8350
11/19/20 23:18,8300
11/20/20 0:44,8200
11/20/20 1:38,8200
11/20/20 4:08,8250
11/20/20 5:44,8250
11/20/20 8:06,8300
11/20/20 9:30,8250
11/20/20 23:34,8300
11/21/20 1:36,8300
11/21/20 3:38,8350
11/21/20 7:12,8350
11/21/20 9:43,8350
11/21/20 23:18,8350
11/22/20 1:31,8400
11/22/20 3:41,8350
11/22/20 5:12,8400
11/22/20 8:37,8400
11/23/20 1:17,8300
11/23/20 3:31,8300
11/23/20 6:01,8300
11/23/20 7:32,8275
11/23/20 9:21,8250
11/23/20 23:29,8275
11/24/20 0:29,8250
11/24/20 1:33,8250
11/24/20 3:22,8230
11/24/20 3:26,8225
11/24/20 4:31,8200
11/24/20 5:20,8150
11/24/20 7:30,8200
11/24/20 10:18,8200
11/25/20 0:00,8250
11/25/20 1:12,8300
11/25/20 2:55,8275
11/25/20 3:39,8250
11/25/20 6:58,8275
11/25/20 9:31,8300
11/25/20 23:32,8300
11/26/20 1:28,8300
11/26/20 1:29,8300
11/26/20 3:32,8320
11/26/20 7:00,8300
11/26/20 7:01,8300
11/26/20 9:35,8300
11/26/20 23:23,8325
11/27/20 1:39,8350
11/27/20 3:44,8325
11/27/20 4:33,8300
11/27/20 7:33,8300
11/27/20 9:51,8300
11/28/20 1:44,8300
11/28/20 3:54,8280
11/28/20 7:17,8300
11/28/20 9:34,8250
11/28/20 23:31,8150
11/28/20 23:31,8150
11/29/20 1:47,8150
11/29/20 3:32,8200
11/29/20 5:30,8150
11/29/20 7:54,8175
11/29/20 9:33,8175
11/29/20 23:32,8175
11/30/20 1:39,8150
11/30/20 2:06,8100
11/30/20 2:07,8075
11/30/20 3:31,8050
11/30/20 5:33,8000
11/30/20 7:40,7900
11/30/20 9:42,7800
11/30/20 23:34,7800
12/1/20 1:31,7825
12/1/20 3:36,8000
12/1/20 5:33,8050
12/1/20 9:16,8050
12/1/20 23:32,8100
12/2/20 1:26,8050
12/2/20 3:46,8100
12/2/20 5:39,8100
12/2/20 6:52,8150
12/2/20 9:31,8150
12/2/20 23:31,8200
12/3/20 1:40,8200
12/3/20 3:31,8225
12/3/20 5:35,8200
12/3/20 7:34,8200
12/3/20 9:37,8225
12/3/20 23:31,8225
12/4/20 1:30,8250
12/4/20 3:11,8250
12/4/20 5:32,8250
12/4/20 5:32,8250
12/4/20 8:08,8225
12/4/20 9:41,8225
12/4/20 23:31,8200
12/4/20 23:31,8200
12/5/20 1:31,8200
12/5/20 3:39,8200
12/5/20 6:07,8190
12/5/20 7:36,8200
12/5/20 9:45,8200
12/5/20 23:45,8200
12/6/20 1:31,8200
12/6/20 3:31,8175
12/6/20 5:30,8100
12/6/20 7:31,8150
12/6/20 9:36,8150
12/6/20 23:31,8150
12/7/20 1:31,8100
12/7/20 3:23,8150
12/7/20 5:33,8200
12/7/20 7:31,8200
12/7/20 9:39,8225
12/7/20 23:30,8225
12/8/20 1:32,8225
12/8/20 3:31,8220
12/8/20 5:32,8225
12/8/20 7:24,8200
12/8/20 9:30,8200
12/8/20 23:34,8175
12/9/20 1:58,8200
12/9/20 3:30,8190
12/9/20 5:35,8200
12/9/20 7:24,8150
12/9/20 9:26,8175
12/9/20 23:31,8200
12/10/20 0:37,8175
12/10/20 1:21,8180
12/10/20 3:40,8200
12/10/20 5:15,8200
12/10/20 7:30,8220
12/10/20 9:31,8225
12/11/20 0:01,8250
12/11/20 1:31,8260
12/11/20 2:19,8300
12/11/20 3:06,8250
12/11/20 3:32,8270
12/11/20 5:51,8250
12/11/20 7:34,8275
12/11/20 9:30,8275
12/12/20 0:36,8325
12/12/20 1:30,8300
12/12/20 3:31,8275
12/12/20 5:33,8250
12/12/20 7:32,8275
12/12/20 9:32,8275
12/12/20 23:16,8275
12/13/20 1:31,8275
12/13/20 3:34,8270
12/13/20 5:31,8275
12/13/20 7:33,8280
12/13/20 9:31,8275
12/13/20 23:31,8290
12/14/20 2:52,8300
12/14/20 3:30,8300
12/14/20 5:36,8300
12/14/20 7:31,8300
12/14/20 7:31,8300
12/14/20 9:31,8350
12/14/20 23:33,8450
12/15/20 0:16,8400
12/15/20 1:04,8425
12/15/20 2:37,8380
12/15/20 3:34,8400
12/15/20 5:32,8400
12/15/20 7:43,8500
12/15/20 9:40,8450
12/15/20 23:26,8500
12/16/20 1:21,8500
12/16/20 3:39,8520
12/16/20 5:58,8500
12/16/20 7:40,8525
12/16/20 9:33,8510
12/16/20 23:31,8400
12/17/20 1:40,8400
12/17/20 2:42,8500
12/17/20 3:31,8450
12/17/20 5:31,8450
12/17/20 6:48,8420
12/17/20 8:32,8400
12/17/20 9:34,8450
12/17/20 23:31,8450
12/18/20 2:27,8450
12/18/20 3:54,8450
12/18/20 5:41,8475
12/18/20 7:47,8425
12/18/20 10:08,8350
12/18/20 23:30,8300
12/19/20 1:31,8300
12/19/20 3:31,8350
12/19/20 5:39,8350
12/19/20 7:35,8350
12/19/20 9:38,8350
12/19/20 23:51,8350
12/20/20 0:48,8375
12/20/20 3:50,8375
12/20/20 5:49,8380
12/20/20 9:35,8400
12/20/20 23:32,8350
12/21/20 1:55,8330
12/21/20 3:32,8350
12/21/20 5:30,8330
12/21/20 7:23,8350
12/21/20 9:31,8350
12/21/20 23:40,8325
12/22/20 1:49,8325
12/22/20 3:55,8350
12/22/20 5:31,8325
12/22/20 7:39,8330
12/22/20 7:56,8250
12/22/20 8:36,7990
12/22/20 9:35,8000
12/22/20 23:32,7800
12/23/20 0:21,7900
12/23/20 2:11,8000
12/23/20 3:41,8000
12/23/20 5:23,8050
12/23/20 6:26,8300
12/23/20 7:31,8300
12/23/20 9:34,8325
12/23/20 23:31,8400
12/24/20 1:40,8375
12/24/20 3:31,8325
12/24/20 5:32,8350
12/24/20 7:37,8300
12/24/20 9:39,8300
12/24/20 23:44,8300
12/25/20 2:05,8275
12/25/20 3:40,8300
12/25/20 5:39,8325
12/25/20 7:37,8325
12/25/20 9:40,8320
12/25/20 23:32,8320
12/26/20 1:38,8320
12/26/20 3:31,8350
12/26/20 5:33,8350
12/26/20 7:25,8350
12/26/20 9:34,8350
12/26/20 23:26,8350
12/27/20 1:32,8370
12/27/20 3:29,8390
12/27/20 5:40,8375
12/27/20 7:29,8390
12/27/20 9:25,8390
12/27/20 23:08,8380
12/28/20 1:32,8375
12/28/20 3:19,8390
12/28/20 5:31,8425
12/28/20 7:18,8400
12/28/20 9:28,8425
12/30/20 0:42,8475
12/30/20 2:05,8475
12/30/20 3:01,8425
12/30/20 5:30,8450
12/30/20 8:07,8425
12/30/20 9:33,8425
12/30/20 23:32,8400
12/31/20 1:30,8400
12/31/20 2:32,8425
12/31/20 4:38,8425
12/31/20 5:36,8425
12/31/20 7:40,8400
12/31/20 9:31,8400
12/31/20 23:40,8425
1/1/21 1:28,8425
1/1/21 3:33,8420
1/1/21 5:31,8430
1/1/21 7:41,8450
1/1/21 9:32,8450
1/1/21 23:31,8450
1/2/21 1:48,8475
1/2/21 4:04,8475
1/2/21 5:04,8450
1/2/21 7:33,8475
1/2/21 10:01,8450
1/2/21 23:45,8475
1/3/21 1:39,8475
1/3/21 3:49,8500
1/3/21 4:33,8480
1/3/21 6:59,8475
1/3/21 9:42,8500
1/3/21 9:42,8500
1/3/21 23:29,8515
1/4/21 1:29,8500
1/4/21 3:26,8500
1/4/21 5:40,8510
1/4/21 7:30,8500
1/4/21 9:42,8550
1/4/21 23:30,8575
1/5/21 1:31,8625
1/5/21 3:41,8625
1/5/21 7:07,8625
1/5/21 8:56,8700
1/5/21 23:42,8800
1/6/21 1:32,8750
1/6/21 3:05,8750
1/6/21 5:34,8750
1/6/21 7:46,8750
1/6/21 9:31,8750
1/6/21 23:31,8725
1/7/21 1:31,8690
1/7/21 3:30,8675
1/7/21 5:29,8675
1/7/21 7:35,8650
1/7/21 9:39,8650
1/7/21 23:42,8620
1/8/21 1:39,8630
1/8/21 3:38,8600
1/8/21 5:55,8675
1/8/21 7:31,8630
1/8/21 9:31,8625
1/8/21 23:31,8675
1/9/21 1:38,8700
1/9/21 3:14,8675
1/9/21 5:31,8700
1/9/21 7:48,8700
1/9/21 9:41,8700
1/9/21 23:19,8650
1/10/21 1:33,8685
1/10/21 2:55,8700
1/10/21 5:34,8700
1/10/21 8:13,8725
1/10/21 9:58,8750
1/10/21 23:22,8800
1/10/21 23:54,8775
1/11/21 1:32,8750
1/11/21 3:23,8775
1/11/21 5:32,8775
1/11/21 7:45,8800
1/11/21 9:40,8850
1/12/21 0:03,8875
1/12/21 1:42,8900
1/12/21 3:49,8925
1/12/21 5:31,8925
1/12/21 7:37,8950
1/12/21 9:43,8950
1/12/21 23:42,8925
1/13/21 0:29,8900
1/13/21 1:39,8900
1/13/21 3:27,8850
1/13/21 5:21,8775
1/13/21 6:26,8825
1/13/21 7:48,8800
1/13/21 9:40,8750
1/13/21 9:40,8750
1/13/21 23:30,8750
1/14/21 1:30,8750
1/14/21 3:40,8750
1/14/21 5:36,8800
1/14/21 5:54,8775
1/14/21 7:10,8775
1/14/21 9:40,8750
1/14/21 23:31,8800
1/15/21 1:34,8775
1/15/21 3:31,8800
1/15/21 5:39,8850
1/15/21 9:34,8850
1/15/21 23:48,8875
1/16/21 1:32,8875
1/16/21 3:42,8890
1/16/21 5:58,8900
1/16/21 7:49,8880
1/16/21 9:44,8880
1/17/21 0:08,8880
1/17/21 2:04,8875
1/17/21 3:40,8875
1/17/21 5:31,8900
1/17/21 7:44,8880
1/17/21 9:58,8875
1/17/21 23:40,8850
1/18/21 1:53,8875
1/18/21 3:29,8875
1/18/21 5:37,8865
1/18/21 8:13,8825
1/18/21 9:34,8825
1/18/21 23:34,8800
1/19/21 1:21,8790
1/19/21 3:31,8850
1/19/21 5:40,8825
1/19/21 6:16,8800
1/19/21 7:44,8775
1/19/21 9:38,8700
1/19/21 23:31,8750
1/20/21 1:11,8750
1/20/21 2:08,8775
1/20/21 3:35,8725
1/20/21 5:34,8750
1/20/21 7:35,8750
1/20/21 9:31,8775
1/20/21 23:31,8800
1/20/21 23:59,8850
1/21/21 1:30,8850
1/21/21 3:48,8800
1/21/21 5:42,8800
1/21/21 7:34,8825
1/21/21 9:37,8800
1/21/21 23:40,8825
1/22/21 1:32,8825
1/22/21 3:30,8825
1/22/21 5:39,8800
1/22/21 7:31,8775
1/22/21 10:08,8800
1/22/21 23:43,8800
1/23/21 1:54,8800
1/23/21 3:45,8775
1/23/21 7:20,8800
1/23/21 9:30,8800
1/23/21 23:33,8800
1/24/21 1:49,8800
1/24/21 3:20,8825
1/24/21 5:31,8800
1/24/21 7:33,8800
1/24/21 9:40,8850
1/24/21 23:29,8875
1/25/21 1:57,8850
1/25/21 3:31,8825
1/25/21 5:41,8825
1/25/21 7:30,8825
1/25/21 9:30,8825
1/26/21 0:14,8850
1/26/21 1:47,8830
1/26/21 5:49,8850
1/26/21 7:37,8850
1/26/21 9:33,8850
1/26/21 23:31,8875
1/27/21 1:38,8850
1/27/21 3:30,8875
1/27/21 5:40,8900
1/27/21 7:38,8875
1/27/21 9:31,8875
1/27/21 23:32,8900
1/28/21 1:47,8925
1/28/21 3:31,8925
1/28/21 5:44,8930
1/28/21 7:31,8925
1/28/21 9:40,8900
1/28/21 23:37,8900
1/29/21 1:22,8900
1/29/21 3:32,8925
1/29/21 7:32,8910
1/29/21 9:31,8900
1/29/21 23:49,8900
1/30/21 1:39,8900
1/30/21 3:31,8900
1/30/21 5:31,8890
1/30/21 7:36,8900
1/30/21 10:29,8875
1/30/21 23:40,8875
1/31/21 1:41,8870
1/31/21 3:47,8875
1/31/21 5:51,8875
1/31/21 7:30,8875
1/31/21 9:34,8880
1/31/21 23:26,8900
2/1/21 1:36,8900
2/1/21 3:40,8880
2/1/21 5:30,8860
2/1/21 7:38,8840
2/1/21 7:39,8825
2/1/21 9:32,8800
2/1/21 23:44,8825
2/1/21 23:44,8825
2/2/21 1:39,8840
2/2/21 3:30,8825
2/2/21 5:31,8825
2/2/21 7:50,8825
2/2/21 9:46,8850
2/2/21 23:44,8830
2/3/21 1:31,8850
2/3/21 6:19,8850
2/3/21 7:31,8850
2/3/21 9:45,8850
2/3/21 23:37,8850
2/4/21 2:37,8850
2/4/21 3:48,8850
2/4/21 5:30,8850
2/4/21 7:30,8860
2/4/21 9:52,8860
2/4/21 23:40,8850
2/5/21 1:31,8850
2/5/21 3:30,8850
2/5/21 5:32,8875
2/5/21 7:33,8860
2/5/21 23:32,8850
2/6/21 1:35,8850
2/6/21 3:36,8850
2/6/21 7:40,8850
2/6/21 9:39,8850
2/6/21 23:24,8850
2/7/21 1:32,8850
2/7/21 3:36,8850
2/7/21 5:30,8850
2/7/21 7:33,8875
2/7/21 10:11,8875
2/7/21 23:31,8875
2/8/21 1:32,8875
2/8/21 3:57,8875
2/8/21 3:58,8875
2/8/21 6:11,8865
2/8/21 7:36,8875
2/8/21 9:30,8875
2/9/21 0:52,8850
2/9/21 1:24,8825
2/9/21 3:30,8850
2/9/21 6:18,8850
2/9/21 7:36,8850
2/9/21 23:32,8850
2/10/21 1:30,8850
2/10/21 1:39,8850
2/10/21 3:32,8850
2/10/21 5:48,8820
2/10/21 7:35,8850
2/10/21 9:31,8800
2/10/21 23:30,8800
2/11/21 1:27,8800
2/11/21 3:31,8815
2/11/21 5:51,8810
2/11/21 8:01,8800
2/11/21 9:39,8825
2/11/21 23:32,8800
2/12/21 1:24,8800
2/12/21 5:31,8875
2/12/21 7:30,8870
2/12/21 9:46,8875
2/12/21 23:41,8890
2/13/21 1:30,8875
2/13/21 3:40,8870
2/13/21 5:41,8870
2/13/21 8:02,8880
2/13/21 9:48,8875
2/13/21 23:40,8900
2/14/21 2:02,8890
2/14/21 2:51,8880
2/14/21 3:30,8900
2/14/21 5:39,8925
2/14/21 7:40,8890
2/14/21 10:03,8885
2/14/21 23:40,8885
2/15/21 1:30,8875
2/15/21 3:55,8875
2/15/21 5:39,8885
2/15/21 7:32,8900
2/15/21 9:31,8890
2/15/21 23:24,8900
2/16/21 1:39,8950
2/16/21 3:49,9000
2/16/21 6:02,8975
2/16/21 7:30,8950
2/16/21 9:49,8900
2/16/21 23:43,8950
2/17/21 1:40,8950
2/17/21 2:26,9050
2/17/21 3:30,9050
2/17/21 3:59,9100
2/17/21 5:36,9100
2/17/21 7:31,9100
2/17/21 9:27,9175
2/17/21 12:56,9275
2/17/21 23:40,9275
2/18/21 0:20,9375
2/18/21 0:48,9400
2/18/21 1:04,9450
2/18/21 2:18,9525
2/18/21 2:36,9500
2/18/21 3:35,9400
2/18/21 3:53,9350
2/18/21 5:01,9300
2/18/21 5:25,9250
2/18/21 5:25,9200
2/18/21 6:06,9250
2/18/21 7:24,9350
2/18/21 7:38,9350
2/18/21 7:38,9375
2/18/21 8:56,9300
2/18/21 9:45,9325
2/18/21 23:34,9400
2/19/21 1:41,9375
2/19/21 3:54,9350
2/19/21 5:32,9350
2/19/21 7:49,9350
2/19/21 9:48,9350
2/19/21 23:30,9350
2/20/21 1:41,9350
2/20/21 3:42,9350
2/20/21 5:39,9325
2/20/21 7:34,9400
2/20/21 9:48,9400
2/21/21 0:02,9450
2/21/21 1:30,9450
2/21/21 3:49,9400
2/21/21 5:32,9425
2/21/21 7:30,9400
2/21/21 9:12,9450
2/21/21 23:40,9400
2/22/21 1:48,9425
2/22/21 3:39,9400
2/22/21 5:32,9390
2/22/21 7:37,9390
2/22/21 9:33,9400
2/22/21 23:42,9380
2/23/21 1:36,9370
2/23/21 3:36,9370
2/23/21 5:39,9380
2/23/21 8:09,9385
2/23/21 9:58,9390
2/23/21 23:48,9400
2/24/21 1:20,9410
2/24/21 3:33,9450
2/24/21 6:09,9435
2/24/21 7:34,9450
2/24/21 9:32,9465
2/24/21 23:40,9500
2/25/21 1:30,9500
2/25/21 3:09,9550
2/25/21 5:32,9545
2/25/21 6:38,9530
2/25/21 8:29,9550
2/25/21 9:36,9620
2/25/21 9:38,9650
2/25/21 23:32,9700
2/26/21 1:03,9690
2/26/21 1:31,9665
2/26/21 1:55,9650
2/26/21 2:43,9600
2/26/21 2:58,9625
2/26/21 5:41,9650
2/26/21 7:12,9630
2/26/21 7:30,9600
2/26/21 9:30,9650
2/26/21 23:37,9600
2/27/21 1:23,9615
2/27/21 3:29,9600
2/27/21 5:56,9600
2/27/21 7:31,9610
2/27/21 9:31,9625
2/27/21 23:38,9600
2/28/21 1:57,9630
2/28/21 3:31,9630
2/28/21 3:31,9630
2/28/21 4:43,9650
2/28/21 9:51,9660
2/28/21 23:34,9700
3/1/21 1:30,9700
3/1/21 3:38,9710
3/1/21 5:34,9675
3/1/21 7:31,9750
3/1/21 8:34,9775
3/1/21 8:35,9800
3/1/21 9:30,9850
3/1/21 23:36,9900
3/2/21 1:34,9950
3/2/21 2:21,9980
3/2/21 2:31,10000
3/2/21 3:05,9960
3/2/21 5:10,9950
3/2/21 5:13,9940
3/2/21 6:54,9925
3/2/21 7:58,9975
3/2/21 9:30,9950
3/2/21 10:06,9975
3/2/21 12:12,9925
3/2/21 23:48,9940
3/3/21 1:20,9950
3/3/21 4:49,9950
3/3/21 5:30,9950
3/3/21 6:35,9930
3/3/21 7:35,9930
3/3/21 9:30,9930
3/3/21 23:40,9930
3/4/21 2:06,9975
3/4/21 2:32,9950
3/4/21 3:37,9950
3/4/21 5:35,9950
3/4/21 7:42,9950
3/4/21 9:31,9975
3/4/21 23:37,9950
3/5/21 1:10,9970
3/5/21 2:06,10000
3/5/21 3:46,10000
3/5/21 5:39,10075
3/5/21 7:19,10100
3/5/21 9:49,10100
3/5/21 13:09,10200
3/5/21 23:37,10200
3/6/21 1:01,10300
3/6/21 1:30,10350
3/6/21 2:11,10400
3/6/21 3:17,10425
3/6/21 3:41,10450
3/6/21 4:07,10650
3/6/21 4:34,10550
3/6/21 5:36,10525
3/6/21 7:00,10550
3/6/21 8:01,10600
3/6/21 8:04,10800
3/6/21 9:13,10700
3/6/21 9:30,10800
3/6/21 23:31,10750
3/7/21 0:24,10700
3/7/21 1:34,10700
3/7/21 3:30,10450
3/7/21 4:58,10600
3/7/21 5:35,10600
3/7/21 5:36,10600
3/7/21 7:30,10425
3/7/21 8:19,10400
3/7/21 8:57,10300
3/7/21 23:51,10300
3/8/21 0:32,10450
3/8/21 1:14,10600
3/8/21 1:31,10500
3/8/21 3:33,10500
3/8/21 5:49,10450
3/8/21 8:26,10450
3/8/21 9:40,10500
3/8/21 23:34,10450
3/9/21 1:33,10475
3/9/21 3:23,10575
3/9/21 5:30,10550
3/9/21 7:30,10575
3/9/21 9:54,10650
3/9/21 23:31,10650
3/10/21 1:10,10650
3/10/21 2:25,10600
3/10/21 3:49,10615
3/10/21 5:30,10600
3/10/21 7:51,10625
3/10/21 23:31,10650
3/11/21 1:36,10650
3/11/21 3:30,10660
3/11/21 6:35,10750
3/11/21 8:05,10800
3/11/21 10:01,10800
3/11/21 23:30,10800
3/12/21 1:27,10900
3/12/21 2:02,10925
3/12/21 3:48,10950
3/12/21 5:30,11050
3/12/21 6:19,11075
3/12/21 6:57,11150
3/12/21 7:38,11250
3/12/21 8:09,11300
3/12/21 9:35,11350
3/13/21 0:07,11800
3/13/21 1:31,11850
3/13/21 1:42,12100
3/13/21 6:38,12500
3/13/21 8:54,11700
3/14/21 0:24,11600
3/14/21 0:30,12350
3/14/21 0:54,12450
3/14/21 1:02,12400
3/14/21 1:11,12600
3/14/21 3:05,12500
3/14/21 3:24,12600
3/14/21 3:27,12500
3/14/21 4:31,12500
3/14/21 5:15,12400
3/14/21 7:18,12400
3/14/21 9:04,12400
3/14/21 10:35,12400
3/15/21 0:45,12400
3/15/21 2:37,12900
3/15/21 4:43,13000
3/15/21 6:47,13000
3/15/21 8:15,13400
3/15/21 10:39,13600
3/16/21 1:02,13900
3/16/21 2:38,14400
3/16/21 3:47,15000
3/16/21 7:01,15000
3/16/21 7:20,14900
3/16/21 8:25,14500
3/16/21 8:30,14200
3/16/21 9:15,14000
3/17/21 0:49,14000
3/17/21 4:59,14200
3/17/21 7:00,13800
3/17/21 8:13,13600
3/17/21 8:33,13500
3/17/21 8:56,13200
3/17/21 10:59,13200
3/18/21 0:36,13000
3/18/21 3:10,13000
3/18/21 3:28,12800
3/18/21 4:39,12900
3/18/21 6:49,13000
3/18/21 8:08,12200
3/18/21 8:22,11900
3/18/21 8:37,12000
3/18/21 8:58,11500
3/18/21 9:15,11200
3/18/21 9:26,10900
3/18/21 10:43,11700
3/18/21 10:49,11500
3/18/21 11:05,11200
3/19/21 0:33,11300
3/19/21 0:42,11500
3/19/21 1:37,11900
3/19/21 2:06,11600
3/19/21 2:44,11600
3/19/21 3:58,12000
3/19/21 6:48,11800
3/19/21 8:39,11600
3/19/21 10:52,11800
3/20/21 0:58,11800
3/20/21 2:16,11500
3/20/21 3:54,10800
3/20/21 5:19,11000
3/20/21 6:21,10900
3/20/21 8:26,10900
3/20/21 10:33,11000
3/21/21 0:26,10800
3/21/21 2:26,10800
3/21/21 4:17,10800
3/21/21 4:17,10800
3/21/21 4:22,10800
3/21/21 6:33,11100
3/21/21 8:42,11200
3/21/21 11:00,11000
3/22/21 0:40,11100
3/22/21 1:40,11400
3/22/21 2:26,11600
3/22/21 3:11,11900
3/22/21 3:32,11600
3/22/21 5:06,11800
3/22/21 5:47,11900
3/22/21 6:55,12000
3/22/21 6:59,13000
3/22/21 7:08,14000
3/22/21 8:08,13700
3/22/21 9:23,14000
3/22/21 9:42,14200
3/22/21 10:14,14200
3/23/21 0:32,14200
3/23/21 2:29,14000
3/23/21 2:44,13800
3/23/21 4:08,13500
3/23/21 4:19,13400
3/23/21 4:37,13000
3/23/21 5:55,13500
3/23/21 6:30,13500
3/23/21 8:12,13100
3/23/21 9:07,13100
3/23/21 10:14,13400
3/24/21 0:35,13200
3/24/21 1:57,13100
3/24/21 2:41,13000
3/24/21 4:51,13000
3/24/21 5:53,12900
3/24/21 6:30,12800
3/24/21 7:07,12900
3/24/21 8:33,12900
3/24/21 10:48,12900
3/25/21 1:09,12500
3/25/21 2:28,12600
3/25/21 4:41,12700
3/25/21 6:33,12700
3/25/21 6:34,12700
3/25/21 8:34,12900
3/25/21 10:31,12800
3/26/21 0:49,13000
3/26/21 2:33,12850
3/26/21 4:30,12800
3/26/21 6:48,12900
3/26/21 8:39,12900
3/26/21 9:36,12800
3/26/21 10:40,12800
3/27/21 0:14,12750
3/27/21 2:30,12650
3/27/21 4:31,12650
3/27/21 7:17,12600
3/27/21 8:39,12650
3/27/21 11:15,12600
3/28/21 0:35,12800
3/28/21 1:33,12700
3/28/21 3:29,12600
3/28/21 6:10,12600
3/28/21 7:35,12700
3/28/21 9:32,12700
3/28/21 23:30,12800
3/29/21 1:48,12750
3/29/21 3:22,12750
3/29/21 5:40,12750
3/29/21 7:31,12600
3/29/21 7:42,12700
3/29/21 9:45,12750
3/29/21 23:56,12775
3/30/21 1:23,12775
3/30/21 5:30,12750
3/30/21 7:31,12700
3/30/21 9:30,12750
3/30/21 23:34,12700
3/31/21 0:24,12675
3/31/21 1:31,12600
3/31/21 3:32,12600
3/31/21 5:31,12450
3/31/21 5:51,12400
3/31/21 6:31,12300
3/31/21 6:58,12200
3/31/21 7:42,12100
3/31/21 8:47,12250
3/31/21 10:31,12250
3/31/21 23:41,11900
4/1/21 1:33,11400
4/1/21 3:04,11550
4/1/21 3:24,11600
4/1/21 5:42,11600
4/1/21 7:40,11500
4/1/21 8:27,11900
4/1/21 9:04,11750
4/1/21 9:41,11700
4/1/21 23:30,11700
4/2/21 1:40,11500
4/2/21 3:43,11575
4/2/21 5:39,11600
4/2/21 8:26,11600
4/2/21 9:20,11650
4/2/21 23:31,11600
4/3/21 1:46,11600
4/3/21 3:36,11625
4/3/21 5:12,11700
4/3/21 5:13,11700
4/3/21 7:52,11700
4/3/21 9:30,11650
4/3/21 23:58,11750
4/3/21 23:58,11750
4/4/21 1:32,11800
4/4/21 3:47,11800
4/4/21 5:30,11850
4/4/21 6:30,11825
4/4/21 8:17,11900
4/4/21 9:18,12050
4/4/21 23:58,12150
4/5/21 1:30,12150
4/5/21 3:39,11950
4/5/21 5:27,11900
4/5/21 7:05,11800
4/5/21 7:50,11750
4/5/21 9:35,11850
4/5/21 10:17,11750
4/5/21 23:30,11750
4/6/21 1:28,11750
4/6/21 3:40,11700
4/6/21 5:10,11750
4/6/21 7:26,11850
4/6/21 8:09,11770
4/6/21 10:14,11800
4/6/21 23:31,11800
4/7/21 0:38,11900
4/7/21 1:01,11875
4/7/21 1:30,11850
4/7/21 3:37,11900
4/7/21 5:14,11950
4/7/21 7:36,12100
4/7/21 9:32,12050
4/7/21 23:42,11950
4/8/21 0:40,12050
4/8/21 1:39,12150
4/8/21 3:43,12250
4/8/21 5:22,12250
4/8/21 7:43,12200
4/8/21 9:37,12250
4/9/21 0:15,12500
4/9/21 1:39,12700
4/9/21 3:14,12775
4/9/21 5:44,12650
4/9/21 7:24,12700
4/9/21 9:34,12700
4/9/21 23:46,12750
4/10/21 1:31,12700
4/10/21 3:28,12725
4/10/21 5:30,12725
4/10/21 7:57,12775
4/10/21 9:31,12775
4/10/21 23:34,12800
4/11/21 1:32,13000
4/11/21 2:09,13000
4/11/21 3:42,13000
4/11/21 5:52,13000
4/11/21 7:40,13100
4/11/21 9:27,12975
4/11/21 23:30,12900
4/12/21 1:33,12800
4/12/21 2:02,12700
4/12/21 3:12,12800
4/12/21 5:30,12700
4/12/21 8:23,12400
4/12/21 9:40,12450
4/12/21 23:38,12400
4/13/21 1:00,12250
4/13/21 3:44,12400
4/13/21 5:52,12500
4/13/21 7:32,12450
4/13/21 10:18,12525
4/13/21 23:52,12450
4/14/21 1:40,12300
4/14/21 3:49,12325
4/14/21 5:30,12250
4/14/21 6:03,12200
4/14/21 7:33,12000
4/14/21 10:18,12050
4/15/21 0:12,12000
4/15/21 1:32,12050
4/15/21 2:40,12125
4/15/21 4:16,12300
4/15/21 5:23,12200
4/15/21 7:39,12200
4/15/21 9:49,12250
4/15/21 23:39,12390
4/16/21 1:34,12290
4/16/21 4:58,12325
4/16/21 7:30,12300
4/16/21 9:33,12300
4/17/21 0:06,12225
4/17/21 2:35,12190
4/17/21 3:32,12200
4/17/21 5:39,12200
4/17/21 7:44,12200
4/17/21 10:11,12200
4/18/21 0:17,12150
4/18/21 3:30,12100
4/18/21 5:30,12150
4/18/21 7:30,12150
4/18/21 10:11,12175
4/18/21 23:30,12125
4/19/21 1:30,12150
4/19/21 3:32,12200
4/19/21 5:35,12225
4/19/21 7:37,12225
4/19/21 10:07,12250
4/19/21 23:31,12250
4/20/21 3:41,12200
4/20/21 5:38,12200
4/20/21 8:02,12225
4/20/21 10:13,12200
4/21/21 0:15,12200
4/21/21 1:48,12175
4/21/21 3:39,12200
4/21/21 6:13,12200
4/21/21 7:31,12200
4/21/21 10:08,12150
4/22/21 0:30,12200
4/22/21 1:58,12225
4/22/21 4:07,12200
4/22/21 7:34,12225
4/22/21 10:17,12200
4/22/21 23:28,12200
4/23/21 2:38,12225
4/23/21 4:39,12225
4/23/21 5:44,12220
4/23/21 7:50,12250
4/23/21 10:04,12275
4/24/21 1:19,12250
4/24/21 1:59,12300
4/24/21 5:28,12230
4/24/21 7:33,12250
4/24/21 10:20,12275
4/25/21 1:30,12230
4/25/21 4:15,12200
4/25/21 5:35,12200
4/25/21 7:39,12250
4/25/21 10:17,12250
4/25/21 23:22,12275
4/26/21 1:31,12275
4/26/21 3:31,12275
4/26/21 5:49,12275
4/26/21 7:38,12350
4/26/21 10:04,12375
4/27/21 0:55,12450
4/27/21 3:09,12475
4/27/21 5:52,12525
4/27/21 7:30,12575
4/27/21 10:16,12750
4/28/21 0:11,12600
4/28/21 1:53,12600
4/28/21 3:49,12625
4/28/21 6:10,12650
4/28/21 6:54,12400
4/28/21 7:46,12400
4/28/21 9:44,12350
4/29/21 0:34,12275
4/29/21 1:49,12275
4/29/21 3:48,12300
4/29/21 5:39,12350
4/29/21 7:34,12300
4/29/21 10:03,12300
4/30/21 0:17,12300
4/30/21 2:33,12325
4/30/21 3:31,12325
4/30/21 5:37,12300
4/30/21 7:31,12325
4/30/21 8:22,12350
4/30/21 10:39,12350
5/1/21 0:42,12325
5/1/21 1:33,12325
5/1/21 3:36,12350
5/1/21 6:05,12335
5/1/21 7:30,12335
5/1/21 9:56,12350
5/2/21 0:39,12300
5/2/21 3:04,12300
5/2/21 4:05,12300
5/2/21 5:33,12300
5/2/21 7:30,12300
5/2/21 10:47,12325
5/3/21 0:30,12300
5/3/21 1:38,12325
5/3/21 4:09,12320
5/3/21 5:47,12350
5/3/21 7:38,12425
5/3/21 9:45,12400
5/3/21 23:18,12425
5/4/21 1:30,12450
5/4/21 3:30,12450
5/4/21 5:16,12450
5/4/21 7:46,12500
5/4/21 10:00,12500
5/5/21 0:31,12350
5/5/21 1:35,12350
5/5/21 3:36,12400
5/5/21 5:51,12425
5/5/21 7:22,12425
5/5/21 7:22,12425
5/5/21 10:01,12425
5/6/21 0:47,12375
5/6/21 1:37,12400
5/6/21 3:29,12425
5/6/21 5:40,12425
5/6/21 7:35,12450
5/6/21 10:38,12525
5/7/21 0:22,12575
5/7/21 2:43,12625
5/7/21 4:07,12700
5/7/21 5:02,12725
5/7/21 5:09,12725
5/7/21 5:32,12675
5/7/21 7:34,12725
5/7/21 10:30,12750
5/7/21 23:41,12800
5/8/21 2:47,13000
5/8/21 3:42,12900
5/8/21 5:37,12950
5/8/21 7:19,12850
5/8/21 9:54,12850
5/9/21 0:00,12850
5/9/21 1:53,12825
5/9/21 3:48,12875
5/9/21 5:27,12875
5/9/21 7:29,12900
5/9/21 10:28,12650
5/9/21 11:06,12550
5/9/21 11:32,12300
5/9/21 11:54,12350
5/9/21 23:31,12350
5/10/21 1:30,12475
5/10/21 2:39,12700
5/10/21 3:30,12600
5/10/21 5:30,12550
5/10/21 7:06,12525
5/10/21 10:10,12600
5/10/21 11:07,12550
5/10/21 11:37,12600
5/10/21 23:43,12675
5/11/21 1:45,12675
5/11/21 2:26,12700
5/11/21 3:29,12750
5/11/21 4:07,12725
5/11/21 5:59,12700
5/11/21 7:40,12675
5/11/21 10:40,12675
5/11/21 23:52,12675
5/12/21 1:22,12670
5/12/21 4:26,12675
5/12/21 7:48,12725
5/12/21 10:59,12750
5/12/21 23:20,12725
5/13/21 2:28,12750
5/13/21 4:35,12750
5/13/21 5:31,12750
5/13/21 7:30,12725
5/13/21 10:09,12725
5/14/21 0:18,12700
5/14/21 1:51,12725
5/14/21 4:27,12775
5/14/21 5:31,12750
5/14/21 7:48,12725
5/14/21 10:31,12775
5/14/21 23:36,12725
5/15/21 1:40,12800
5/15/21 3:30,12750
5/15/21 5:49,12775
5/15/21 12:06,12725
5/15/21 23:58,12775
5/16/21 1:37,12750
5/16/21 3:47,12725
5/16/21 5:49,12700
5/16/21 10:21,12700
5/16/21 23:31,12725
5/17/21 3:07,12725
5/17/21 3:31,12600
5/17/21 5:44,12625
5/17/21 8:22,12650
5/17/21 10:54,12700
5/17/21 23:39,12675
5/18/21 1:34,12775
5/18/21 3:31,12725
5/18/21 7:08,12800
5/18/21 10:20,12700
5/18/21 23:40,12775
5/19/21 1:28,12825
5/19/21 2:54,12850
5/19/21 3:39,12825
5/19/21 5:38,12825
5/19/21 9:39,12850
5/19/21 22:24,12925
5/20/21 0:22,12950
5/20/21 1:30,12950
5/20/21 4:06,12925
5/20/21 5:32,12750
5/20/21 6:59,12775
5/20/21 9:49,12850
5/20/21 23:50,12880
5/21/21 1:46,12900
5/21/21 4:46,12850
5/21/21 5:58,12825
5/21/21 8:59,12850
5/21/21 10:28,12875
5/21/21 23:35,12875
5/22/21 1:35,12880
5/22/21 3:22,12875
5/22/21 5:57,12900
5/22/21 9:28,12880
5/23/21 1:03,12880
5/23/21 7:39,12900
5/23/21 23:48,12900
5/24/21 2:42,12875
5/24/21 3:35,12875
5/24/21 7:10,12900
5/24/21 11:17,12900
5/24/21 23:27,12900
5/25/21 1:21,12900
5/25/21 3:09,12925
5/25/21 5:50,12950
5/25/21 8:08,12975
5/25/21 10:21,12950
5/25/21 23:43,12975
5/26/21 2:32,13000
5/26/21 3:47,13100
5/26/21 6:17,13050
5/26/21 8:34,13000
5/26/21 9:35,13000
5/27/21 2:05,13150
5/27/21 3:54,13075
5/27/21 5:32,13100
5/27/21 7:47,13075
5/27/21 9:31,13100
5/27/21 23:31,12950
5/28/21 1:34,12925
5/28/21 3:30,12950
5/28/21 7:30,12875
5/28/21 9:26,12750
5/28/21 22:02,12750
5/28/21 23:07,12775
5/29/21 0:49,12725
5/29/21 1:30,12750
5/29/21 4:11,12875
5/29/21 5:53,12825
5/29/21 6:31,12825
5/29/21 9:02,12800
5/29/21 9:35,12800
5/29/21 23:35,12750
5/30/21 1:13,12800
5/30/21 3:30,12850
5/30/21 5:31,12800
5/30/21 8:48,12800
5/30/21 10:28,12825
5/30/21 23:30,12825
5/31/21 1:26,12875
5/31/21 3:25,12875
5/31/21 5:49,12850
5/31/21 7:35,12850
5/31/21 9:54,12850
5/31/21 23:39,12950
6/1/21 0:15,12925
6/1/21 1:31,13000
6/1/21 3:32,12975
6/1/21 5:33,12950
6/1/21 7:39,13050
6/1/21 9:58,12975
6/1/21 23:31,13075
6/2/21 1:32,13100
6/2/21 4:52,13100
6/2/21 5:41,13100
6/2/21 7:31,13125
6/2/21 9:39,13125
6/2/21 23:30,13125
6/3/21 1:31,13100
6/3/21 3:49,13125
6/3/21 5:41,13150
6/3/21 8:37,13300
6/4/21 0:18,13425
6/4/21 1:16,13450
6/4/21 3:32,13425
6/4/21 5:33,13400
6/4/21 7:39,13450
6/4/21 9:41,13400
6/4/21 23:31,13450
6/5/21 2:02,13425
6/5/21 3:54,13425
6/5/21 5:58,13425
6/5/21 7:35,13400
6/5/21 10:15,13450
6/5/21 23:31,13400
6/6/21 1:32,13425
6/6/21 3:31,13400
6/6/21 5:57,13425
6/6/21 7:39,13450
6/6/21 9:48,13425
6/7/21 0:26,13425
6/7/21 2:11,13475
6/7/21 3:31,13450
6/7/21 6:01,13500
6/7/21 7:48,13525
6/7/21 9:39,13600
6/7/21 23:31,13650
6/8/21 2:57,14200
6/8/21 3:30,14150
6/8/21 4:12,14025
6/8/21 4:27,13950
6/8/21 5:42,14000
6/8/21 7:30,14050
6/8/21 9:50,14150
6/8/21 23:31,14200
6/9/21 0:40,14450
6/9/21 1:51,14500
6/9/21 3:47,14500
6/9/21 6:08,14450
6/9/21 7:30,14575
6/9/21 8:54,14700
6/9/21 9:37,14700
6/9/21 23:30,14750
6/10/21 1:43,14700
6/10/21 3:31,14750
6/10/21 6:27,14750
6/10/21 7:39,14800
6/10/21 9:47,14850
6/10/21 23:31,14850
6/11/21 2:07,15000
6/11/21 3:48,15000
6/11/21 5:31,14950
6/11/21 7:30,14925
6/11/21 9:48,14900
6/11/21 23:18,14925
6/12/21 1:32,14950
6/12/21 5:00,14950
6/12/21 8:25,15000
6/12/21 9:39,15025
6/12/21 23:30,15000
6/13/21 1:43,15100
6/13/21 3:36,15175
6/13/21 5:30,15300
6/13/21 7:44,15250
6/13/21 8:59,15275
6/13/21 23:36,15450
6/14/21 1:59,15450
6/14/21 3:38,15475
6/14/21 5:33,15500
6/14/21 9:30,15500
6/14/21 23:57,15475
6/15/21 1:39,15450
6/15/21 3:46,15475
6/15/21 7:39,15350
6/15/21 8:34,15250
6/15/21 9:31,15000
6/15/21 23:31,15000
6/16/21 0:37,15150
6/16/21 2:05,15300
6/16/21 3:47,15125
6/16/21 5:30,15050
6/16/21 7:30,15100
6/16/21 9:45,15150
6/16/21 23:36,15175
6/17/21 1:52,15300
6/17/21 3:46,15200
6/17/21 6:00,15250
6/17/21 6:59,15200
6/17/21 9:50,15225
6/17/21 23:36,15275
6/18/21 1:37,15250
6/18/21 3:39,15225
6/18/21 6:17,15200
6/18/21 7:30,15200
6/18/21 10:35,15200
6/18/21 23:34,15200
6/19/21 1:21,15200
6/19/21 1:35,15150
6/19/21 3:32,15125
6/19/21 5:30,15150
6/19/21 7:30,15150
6/19/21 9:43,15175
6/19/21 23:08,15170
6/20/21 1:30,15150
6/20/21 2:30,15200
6/20/21 3:37,15200
6/20/21 5:27,15190
6/20/21 7:49,15275
6/20/21 9:17,15300
6/20/21 23:30,15400
6/21/21 1:57,15275
6/21/21 4:07,15250
6/21/21 5:49,15275
6/21/21 7:32,15275
6/21/21 9:44,15200
6/21/21 23:33,15300
6/22/21 1:29,15300
6/22/21 1:30,15300
6/22/21 1:31,15300
6/22/21 3:58,15350
6/22/21 6:02,15300
6/22/21 7:48,15325
6/22/21 9:39,15350
6/22/21 23:36,15350
6/23/21 1:45,15350
6/23/21 3:03,15375
6/23/21 5:30,15400
6/23/21 8:35,15400
6/23/21 9:04,15550
6/23/21 9:48,15600
6/23/21 22:24,15750
6/23/21 23:39,15650
6/24/21 1:30,15700
6/24/21 2:58,15850
6/24/21 3:29,15900
6/24/21 4:32,15800
6/24/21 5:41,15900
6/24/21 7:35,16000
6/24/21 9:41,16100
6/25/21 0:23,16250
6/25/21 1:22,16350
6/25/21 3:18,16450
6/25/21 3:39,16400
6/25/21 5:31,16425
6/25/21 6:17,16350
6/25/21 7:55,16375
6/25/21 9:30,16450
6/25/21 23:30,17200
6/26/21 0:53,17250
6/26/21 1:35,17250
6/26/21 2:08,17350
6/26/21 2:34,17600
6/26/21 3:30,17350
6/26/21 4:51,17800
6/26/21 5:20,18000
6/26/21 5:38,17950
6/26/21 6:12,17500
6/26/21 7:39,17650
6/26/21 8:09,17525
6/26/21 9:11,17550
6/26/21 9:52,17650
6/26/21 23:37,17600
6/27/21 1:30,17600
6/27/21 3:31,17500
6/27/21 5:30,17600
6/27/21 7:46,17800
6/27/21 8:53,17900
6/27/21 9:40,17800
6/27/21 23:30,17675
6/28/21 1:31,17550
6/28/21 3:49,17600
6/28/21 5:39,17500
6/28/21 7:44,17425
6/28/21 7:49,17400
6/28/21 7:55,17300
6/28/21 9:44,17300
6/28/21 23:27,16900
6/28/21 23:32,16850
6/29/21 1:30,16850
6/29/21 3:05,16950
6/29/21 3:39,16950
6/29/21 4:00,17050
6/29/21 5:34,17000
6/29/21 7:30,16975
6/29/21 9:43,17100
6/29/21 23:34,17100
6/30/21 1:37,17250
6/30/21 3:44,17175
6/30/21 5:42,17100
6/30/21 7:45,17200
6/30/21 9:49,17300
6/30/21 23:39,17250
7/1/21 0:09,17325
7/1/21 1:49,17200
7/1/21 3:48,17250
7/1/21 5:30,17250
7/1/21 7:32,17250
7/1/21 9:50,17150
7/1/21 23:40,17200
7/2/21 1:39,17250
7/2/21 2:36,17250
7/2/21 4:21,17300
7/2/21 5:31,17250
7/2/21 6:23,17275
7/2/21 7:31,17300
7/2/21 9:53,17325
7/3/21 0:03,17400
7/3/21 3:46,17400
7/3/21 5:37,17450
7/3/21 8:04,17600
7/3/21 9:30,17600
7/3/21 23:22,17575
7/4/21 1:30,17625
7/4/21 3:39,17700
7/4/21 4:58,17700
7/4/21 7:46,17625
7/4/21 9:36,17650
7/4/21 23:38,17600
7/5/21 1:12,17575
7/5/21 3:00,17650
7/5/21 4:09,17600
7/5/21 5:35,17650
7/5/21 7:38,17625
7/5/21 9:30,17650
7/5/21 23:37,17575
7/6/21 1:48,17575
7/6/21 3:49,17600
7/6/21 5:48,17650
7/6/21 7:32,17650
7/6/21 9:40,17650
7/6/21 23:28,17625
7/7/21 1:03,17625
7/7/21 3:13,17725
7/7/21 5:56,17825
7/7/21 8:30,18050
7/7/21 9:52,17950
7/7/21 23:32,18200
7/8/21 1:33,18500
7/8/21 2:44,18450
7/8/21 3:35,18450
7/8/21 5:26,18525
7/8/21 7:43,18675
7/8/21 9:04,18725
7/8/21 9:31,18800
7/8/21 23:44,19100
7/9/21 1:40,19500
7/9/21 3:14,19500
7/9/21 5:32,19550
7/9/21 7:30,19600
7/9/21 8:13,19550
7/9/21 8:16,19525
7/9/21 9:30,19500
7/10/21 0:07,19300
7/10/21 1:30,19425
7/10/21 2:34,19250
7/10/21 3:38,19425
7/10/21 5:30,19350
7/10/21 7:39,19400
7/10/21 9:59,19400
7/10/21 23:45,19325
7/11/21 0:29,19400
7/11/21 1:39,19400
7/11/21 3:57,19400
7/11/21 5:35,19400
7/11/21 7:25,19400
7/12/21 0:57,19450
7/12/21 4:27,19400
7/12/21 5:25,19400
7/12/21 8:44,19450
7/12/21 9:31,19475
7/12/21 23:28,19400
7/13/21 2:04,19625
7/13/21 3:37,19550
7/13/21 5:39,19650
7/13/21 7:57,19600
7/13/21 9:25,19500
7/13/21 23:49,19500
7/14/21 2:13,19700
7/14/21 3:56,19700
7/14/21 5:30,19500
7/14/21 7:40,19700
7/14/21 23:55,19725
7/15/21 1:39,19700
7/15/21 3:30,19800
7/15/21 5:00,19400
7/15/21 5:59,19150
7/15/21 6:33,19900
7/15/21 6:45,21000
7/15/21 8:13,22000
7/15/21 8:34,20050
7/15/21 8:50,21000
7/15/21 9:39,21000
7/15/21 23:39,22500
7/16/21 0:39,22700
7/16/21 1:11,23100
7/16/21 1:42,23300
7/16/21 3:22,23000
7/16/21 5:52,22700
7/16/21 7:31,22650
7/16/21 10:08,22500
7/16/21 23:26,22500
7/17/21 2:10,22300
7/17/21 3:36,22200
7/17/21 3:51,22000
7/17/21 5:31,22100
7/17/21 7:20,22100
7/17/21 11:22,22000
7/17/21 23:31,21950
7/18/21 1:44,22000
7/18/21 3:41,22000
7/18/21 5:59,22100
7/18/21 7:30,22100
7/18/21 9:30,22000
7/19/21 0:25,22100
7/19/21 1:32,21950
7/19/21 4:15,22000
7/19/21 5:30,22100
7/19/21 7:57,21950
7/19/21 9:32,21900
7/19/21 23:38,21900
7/20/21 1:40,21850
7/20/21 3:40,21875
7/20/21 7:40,21875
7/20/21 9:59,21950
7/21/21 0:09,22200
7/21/21 1:33,22150
7/21/21 3:30,22175
7/21/21 8:06,22350
7/21/21 9:39,22350
7/21/21 23:41,22350
7/22/21 1:30,22325
7/22/21 3:42,21700
7/22/21 5:31,21400
7/22/21 7:51,20800
7/22/21 9:38,21150
7/22/21 9:40,21300
7/22/21 23:34,21175
7/23/21 1:39,20750
7/23/21 1:40,20650
7/23/21 2:31,20500
7/23/21 2:53,20300
7/23/21 3:51,20250
7/23/21 4:12,20050
7/23/21 7:24,20400
7/23/21 23:34,20050
7/24/21 1:18,19700
7/24/21 1:47,19600
7/24/21 3:33,19600
7/24/21 5:31,19775
7/24/21 8:43,19800
7/24/21 9:30,20000
7/24/21 23:37,19750
7/25/21 0:50,19750
7/25/21 3:42,19875
7/25/21 4:52,19775
7/25/21 7:30,19700
7/25/21 9:45,18600
7/25/21 13:17,17600
7/25/21 23:13,16600
7/26/21 1:33,16600
7/26/21 3:10,16700
7/26/21 4:19,17000
7/26/21 5:30,18500
7/26/21 5:43,18200
7/26/21 6:59,17600
7/26/21 7:30,17400
7/26/21 9:41,19000
7/26/21 23:31,18700
7/27/21 0:38,18900
7/27/21 1:32,18700
7/27/21 1:57,18500
7/27/21 2:53,18400
7/27/21 3:31,18800
7/27/21 6:10,18650
7/27/21 7:24,18650
7/27/21 8:40,18000
7/27/21 9:53,18250
7/27/21 10:27,18200
7/27/21 23:49,17700
7/28/21 0:43,17900
7/28/21 1:40,17900
7/28/21 3:41,18100
7/28/21 7:31,17900
7/28/21 8:16,18050
7/28/21 23:40,17900
7/29/21 1:37,18350
7/29/21 4:20,18200
7/29/21 6:34,18300
7/29/21 7:52,18350
7/29/21 9:29,18200
7/29/21 23:40,18350
7/30/21 1:38,18700
7/30/21 4:20,18650
7/30/21 5:50,18550
7/30/21 8:22,18600
7/30/21 9:30,18650
7/30/21 23:26,19150
7/31/21 1:32,19250
7/31/21 1:53,19350
7/31/21 2:32,19250
7/31/21 6:26,19150
7/31/21 7:34,19050
7/31/21 11:23,19000
8/1/21 0:16,18900
8/1/21 1:27,19175
8/1/21 3:30,19100
8/1/21 5:54,19100
8/1/21 10:04,19150
8/2/21 0:58,19100
8/2/21 1:31,19100
8/2/21 3:30,19150
8/2/21 5:36,19250
8/2/21 6:11,19450
8/2/21 7:37,20800
8/2/21 8:39,20350
8/2/21 9:40,20150
8/2/21 23:31,20600
8/3/21 2:46,20950
8/3/21 3:57,21000
8/3/21 4:47,20900
8/3/21 5:30,20800
8/3/21 6:44,20900
8/3/21 7:47,21050
8/3/21 9:49,20750
8/3/21 23:39,21050
8/4/21 1:39,21050
8/4/21 3:47,21100
8/4/21 5:39,21300
8/4/21 7:37,21150
8/4/21 9:35,21350
8/4/21 23:31,21350
8/5/21 1:31,21150
8/5/21 3:31,21250
8/5/21 5:35,21200
8/5/21 7:44,20550
8/5/21 9:12,20000
8/6/21 0:09,20100
8/6/21 2:39,20500
8/6/21 5:31,20400
8/6/21 7:58,20150
8/6/21 8:14,20275
8/6/21 9:35,20200
8/6/21 23:50,20200
8/7/21 1:34,20150
8/7/21 3:58,19950
8/7/21 5:22,19950
8/7/21 7:39,20150
8/7/21 9:56,20200
8/7/21 23:37,20050
8/8/21 1:30,20300
8/8/21 3:40,20300
8/8/21 5:14,20350
8/8/21 7:30,20150
8/8/21 9:48,20150
8/8/21 23:30,20150
8/9/21 1:22,20350
8/9/21 3:12,20400
8/9/21 5:30,20400
8/9/21 7:46,20550
8/9/21 9:30,20650
8/9/21 23:30,20650
8/10/21 1:34,20550
8/10/21 3:30,20500
8/10/21 5:34,20450
8/10/21 7:30,20575
8/10/21 9:48,20550
8/10/21 9:48,20550
8/10/21 23:19,20575
8/11/21 1:32,20500
8/11/21 3:55,20550
8/11/21 5:34,20450
8/11/21 7:41,20550
8/11/21 9:39,20525
8/11/21 23:23,20700
8/12/21 0:17,21050
8/12/21 1:04,21200
8/12/21 3:24,20800
8/12/21 5:30,21000
8/12/21 7:31,20950
8/12/21 9:30,21000
8/13/21 1:39,20750
8/13/21 3:30,20800
8/13/21 5:39,20600
8/13/21 7:49,20100
8/13/21 9:30,20200
8/13/21 23:31,20400
8/14/21 1:45,20300
8/14/21 3:31,19900
8/14/21 4:36,19800
8/14/21 5:57,19800
8/14/21 7:40,20000
8/14/21 9:36,19500
8/14/21 23:31,19000
8/15/21 2:00,18750
8/15/21 3:31,19500
8/15/21 3:58,19000
8/15/21 5:41,19000
8/15/21 7:30,19000
8/15/21 9:10,19150
8/15/21 23:31,19000
8/16/21 0:25,18600
8/16/21 2:36,18650
8/16/21 3:33,18550
8/16/21 5:21,18000
8/16/21 5:24,18000
8/16/21 5:48,17800
8/16/21 6:06,17700
8/16/21 7:15,19100
8/16/21 8:44,19200
8/16/21 9:32,18850
8/16/21 23:29,19000
8/17/21 1:25,18850
8/17/21 4:25,18800
8/17/21 5:30,18600
8/17/21 7:39,18700
8/17/21 9:00,18700
8/18/21 1:19,18200
8/18/21 2:04,18175
8/18/21 2:45,18100
8/18/21 3:31,18150
8/18/21 6:50,18150
8/18/21 7:30,18200
8/18/21 9:45,18300
8/18/21 23:34,18550
8/19/21 1:01,19300
8/19/21 2:25,19900
8/19/21 3:32,19800
8/19/21 5:40,20100
8/19/21 6:11,20150
8/19/21 8:54,19100
8/19/21 9:42,19400
8/19/21 11:35,19100
8/19/21 23:30,19100
8/20/21 3:10,19050
8/20/21 5:30,19000
8/20/21 9:34,19200
8/20/21 23:30,19175
8/21/21 1:30,19100
8/21/21 3:30,19250
8/21/21 5:31,19200
8/21/21 7:57,19125
8/21/21 9:39,19150
8/21/21 11:08,18900
8/21/21 23:04,18800
8/21/21 23:33,18800
8/22/21 0:48,18800
8/22/21 1:30,18800
8/22/21 3:30,19000
8/22/21 5:50,18950
8/22/21 7:32,18950
8/22/21 11:46,18900
8/22/21 23:30,19050
8/23/21 1:12,19300
8/23/21 1:30,19250
8/23/21 3:50,19250
8/23/21 5:49,19175
8/23/21 7:30,19150
8/23/21 9:27,19150
8/23/21 23:32,19200
8/24/21 1:38,19150
8/24/21 3:46,19200
8/24/21 6:24,19200
8/24/21 7:50,19200
8/24/21 9:39,19150
8/24/21 23:35,19200
8/25/21 1:31,19200
8/25/21 2:05,19150
8/25/21 3:39,19100
8/25/21 5:32,19125
8/25/21 7:30,19100
8/25/21 9:33,19150
8/25/21 23:27,19100
8/26/21 0:05,19000
8/26/21 1:04,18900
8/26/21 1:30,18800
8/26/21 3:30,18900
8/26/21 5:30,18950
8/26/21 7:39,19000
8/26/21 9:30,19100
8/26/21 22:32,19150
8/26/21 23:30,19100
8/27/21 0:24,19050
8/27/21 1:32,19050
8/27/21 3:41,19050
8/27/21 5:31,19000
8/27/21 7:30,18950
8/27/21 9:39,18950
8/27/21 23:30,19050
8/28/21 1:40,19050
8/28/21 3:25,19050
8/28/21 6:05,19050
8/28/21 7:36,19050
8/28/21 23:32,19050
8/29/21 1:39,19050
8/29/21 3:30,19125
8/29/21 5:30,19150
8/29/21 7:30,19100
8/29/21 23:38,19250
8/30/21 1:48,19200
8/30/21 3:33,19175
8/30/21 5:50,19200
8/30/21 7:29,19175
8/30/21 9:20,19150
8/30/21 23:49,19000
8/31/21 1:31,18975
8/31/21 3:30,19025
8/31/21 5:27,19000
8/31/21 7:36,19050
8/31/21 9:49,19000
8/31/21 23:13,19100
9/1/21 2:48,18800
9/1/21 3:59,18650
9/1/21 4:31,18600
9/1/21 5:10,18650
9/1/21 5:55,18650
9/1/21 9:22,18300
9/1/21 23:23,18100
9/2/21 0:23,18000
9/2/21 1:28,17900
9/2/21 3:42,18050
9/2/21 4:14,18200
9/2/21 5:30,18400
9/2/21 7:44,18500
9/2/21 8:17,19100
9/2/21 9:16,19000
9/2/21 9:28,18800
9/2/21 23:24,18700
9/3/21 1:32,18550
9/3/21 1:33,18550
9/3/21 3:11,18700
9/3/21 4:22,18650
9/3/21 4:27,18600
9/3/21 5:32,18650
9/3/21 7:01,18500
9/3/21 9:08,18550
9/3/21 23:29,18600
9/4/21 3:39,18575
9/4/21 5:26,18500
9/4/21 7:31,18500
9/4/21 10:37,18500
9/4/21 23:31,18575
9/5/21 0:10,18500
9/5/21 1:39,18500
9/5/21 3:39,18500
9/5/21 5:39,18600
9/5/21 7:30,18550
9/5/21 9:38,18500
9/5/21 23:25,18200
9/6/21 1:30,18050
9/6/21 3:31,18100
9/6/21 4:52,17800
9/6/21 6:44,17900
9/6/21 7:46,18000
9/6/21 9:32,18000
9/6/21 23:31,17975
9/7/21 1:30,17950
9/7/21 3:27,18000
9/7/21 5:37,18000
9/7/21 6:58,18025
9/7/21 9:05,18100
9/7/21 9:39,18250
9/7/21 23:27,18250
9/8/21 1:21,18375
9/8/21 1:30,18400
9/8/21 3:28,18600
9/8/21 5:42,18800
9/8/21 6:55,18900
9/8/21 8:01,19000
9/8/21 9:32,19000
9/9/21 0:08,19350
9/9/21 1:44,19350
9/9/21 2:26,19550
9/9/21 2:29,19600
9/9/21 3:31,19550
9/9/21 4:01,19450
9/9/21 4:22,19300
9/9/21 4:49,19050
9/9/21 5:19,19000
9/9/21 5:30,19050
9/9/21 6:08,19200
9/9/21 7:26,18900
9/9/21 7:59,18750
9/9/21 8:28,18650
9/9/21 9:17,18900
9/9/21 9:30,18800
9/9/21 23:28,18100
9/10/21 1:11,18000
9/10/21 2:43,17200
9/10/21 3:30,17100
9/10/21 4:00,17000
9/10/21 4:22,16500
9/10/21 4:23,16100
9/10/21 4:25,16000
9/10/21 4:29,15800
9/10/21 4:56,15600
9/10/21 5:39,16600
9/10/21 6:13,16950
9/10/21 6:55,16600
9/10/21 7:09,16800
9/10/21 8:02,16500
9/10/21 8:16,16300
9/10/21 9:35,16200
9/10/21 23:42,16100
9/11/21 1:24,16000
9/11/21 2:33,16050
9/11/21 3:30,16050
9/11/21 3:49,16250
9/11/21 5:31,16200
9/11/21 7:32,16200
9/11/21 9:30,16200
9/11/21 23:31,16200
9/11/21 23:36,16350
9/12/21 0:22,16400
9/12/21 2:02,16600
9/12/21 3:24,16600
9/12/21 4:27,16500
9/12/21 5:41,16400
9/12/21 6:40,16250
9/12/21 8:51,16300
9/12/21 9:42,16350
9/12/21 23:30,16375
9/13/21 1:30,16200
9/13/21 3:30,16300
9/13/21 4:18,16350
9/13/21 5:30,16350
9/13/21 7:57,16300
9/13/21 9:52,16300
9/13/21 23:27,16275
9/14/21 1:34,16250
9/14/21 3:30,16250
9/14/21 5:43,16250
9/14/21 7:30,16150
9/14/21 9:39,16200
9/14/21 23:27,16100
9/15/21 0:50,16000
9/15/21 1:40,15950
9/15/21 2:16,15850
9/15/21 2:55,15500
9/15/21 3:31,15700
9/15/21 3:47,15800
9/15/21 5:39,15450
9/15/21 7:28,15400
9/15/21 7:59,15000
9/15/21 9:24,14500
9/15/21 9:53,14400
9/15/21 10:03,14200
9/15/21 23:00,14400
9/15/21 23:14,14250
9/16/21 0:00,14300
9/16/21 0:42,14225
9/16/21 0:56,14150
9/16/21 1:26,14000
9/16/21 1:27,13900
9/16/21 2:09,13700
9/16/21 3:08,13650
9/16/21 3:25,13750
9/16/21 4:03,13650
9/16/21 5:22,13700
9/16/21 6:00,13950
9/16/21 6:39,13850
9/16/21 7:31,13850
9/16/21 7:59,13950
9/16/21 8:18,14100
9/16/21 8:25,14300
9/16/21 8:40,14100
9/16/21 9:45,14050
9/16/21 23:30,14000
9/17/21 0:29,14300
9/17/21 1:33,14650
9/17/21 3:32,15300
9/17/21 3:46,15500
9/17/21 4:52,15200
9/17/21 5:36,14700
9/17/21 6:47,15000
9/17/21 6:47,14950
9/17/21 7:49,15000
9/17/21 9:36,15600
9/17/21 22:44,15000
9/17/21 23:30,15000
9/18/21 0:33,15150
9/18/21 1:12,15300
9/18/21 1:20,15200
9/18/21 2:05,15150
9/18/21 2:10,15100
9/18/21 2:11,15050
9/18/21 3:31,15050
9/18/21 3:50,15200
9/18/21 4:37,15050
9/18/21 5:30,15050
9/18/21 7:42,15050
9/18/21 9:29,15050
9/18/21 23:05,15000
9/18/21 23:39,15000
9/19/21 1:20,14700
9/19/21 1:29,14650
9/19/21 3:30,14750
9/19/21 5:32,14700
9/19/21 6:04,14750
9/19/21 6:34,14650
9/19/21 7:40,14500
9/19/21 8:03,14400
9/19/21 9:41,14400
9/19/21 23:30,14300
9/19/21 23:54,14275
9/20/21 0:44,14300
9/20/21 3:50,14500
9/20/21 4:52,14550
9/20/21 5:31,14550
9/20/21 7:37,14550
9/20/21 9:40,14550
9/20/21 23:01,14800
9/21/21 0:03,14800
9/21/21 1:18,15100
9/21/21 2:16,15250
9/21/21 3:05,15200
9/21/21 4:31,15400
9/21/21 4:51,15500
9/21/21 5:34,15350
9/21/21 7:39,15200
9/21/21 8:35,15150
9/21/21 9:35,15150
9/21/21 23:07,15100
9/21/21 23:25,15200
9/22/21 0:25,15700
9/22/21 1:22,15800
9/22/21 2:46,15750
9/22/21 2:46,15750
9/22/21 4:20,15850
9/22/21 4:35,15900
9/22/21 4:59,16300
9/22/21 5:30,16200
9/22/21 6:15,15850
9/22/21 7:34,15900
9/22/21 8:18,16000
9/22/21 9:46,15950
9/22/21 22:47,16300
9/22/21 23:33,16450
9/23/21 0:57,16300
9/23/21 1:39,16300
9/23/21 2:30,16200
9/23/21 3:25,16150
9/23/21 3:30,16100
9/23/21 3:57,16050
9/23/21 5:31,16000
9/23/21 7:30,16000
9/23/21 8:26,16175
9/23/21 9:21,16100
9/23/21 23:32,15800
9/24/21 0:16,15750
9/24/21 0:53,15800
9/24/21 1:39,15800
9/24/21 2:59,15750
9/24/21 5:10,15700
9/24/21 6:43,15900
9/24/21 7:23,16050
9/24/21 9:12,16150
9/24/21 23:57,16200
9/25/21 1:16,16300
9/25/21 3:30,16300
9/25/21 3:48,16250
9/25/21 3:54,16200
9/25/21 5:45,16150
9/25/21 7:40,16200
9/25/21 8:51,16250
9/25/21 9:15,16400
9/25/21 23:27,16350
9/26/21 1:32,16300
9/26/21 3:38,16300
9/26/21 5:49,16400
9/26/21 7:31,16400
9/26/21 9:35,16350
9/26/21 23:41,16300
9/27/21 1:06,16250
9/27/21 2:26,16300
9/27/21 5:22,16300
9/27/21 7:22,16350
9/27/21 9:38,16350
9/27/21 23:31,16425
9/28/21 0:23,16550
9/28/21 2:18,16950
9/28/21 2:37,16850
9/28/21 4:13,16800
9/28/21 5:40,17000
9/28/21 7:43,17000
9/28/21 8:37,17100
9/28/21 9:35,17050
9/28/21 23:31,16800
9/29/21 0:21,16900
9/29/21 2:47,16850
9/29/21 2:56,17000
9/29/21 4:21,17100
9/29/21 4:37,17050
9/29/21 5:39,17000
9/29/21 7:32,17000
9/29/21 9:40,17150
9/29/21 23:30,17500
9/30/21 1:30,17750
9/30/21 3:08,17700
9/30/21 3:51,17500
9/30/21 5:41,17300
9/30/21 6:33,17500
9/30/21 8:17,17400
9/30/21 9:32,17350
9/30/21 23:29,17500
10/1/21 1:48,17400
10/1/21 4:48,17400
10/1/21 5:31,17400
10/1/21 7:30,17400
10/1/21 9:31,17650
10/1/21 23:33,17500
10/2/21 1:59,17500
10/2/21 3:30,17500
10/2/21 5:21,17550
10/2/21 5:39,17500
10/2/21 6:19,17600
10/2/21 8:19,17500
10/2/21 9:32,17500
10/2/21 23:29,17500
10/3/21 1:31,17550
10/3/21 3:31,17550
10/3/21 5:37,17500
10/3/21 7:30,17550
10/3/21 9:38,17550
10/3/21 23:33,17600
10/4/21 1:38,17550
10/4/21 3:30,17500
10/4/21 5:46,17550
10/4/21 7:43,17500
10/4/21 11:18,17550
10/4/21 23:40,17550
10/5/21 1:31,17550
10/5/21 3:30,17600
10/5/21 5:36,17550
10/5/21 7:36,17650
10/5/21 9:12,17700
10/5/21 9:51,17600
10/5/21 23:13,17600
10/6/21 0:00,17900
10/6/21 0:02,18000
10/6/21 1:09,18050
10/6/21 2:08,18100
10/6/21 3:30,18100
10/6/21 5:39,18050
10/6/21 7:25,18050
10/6/21 9:39,18050
10/6/21 23:21,18450
10/7/21 1:30,18700
10/7/21 3:02,18650
10/7/21 5:30,18650
10/7/21 7:31,18650
10/7/21 9:29,19000
10/7/21 10:06,18950
10/8/21 0:12,19000
10/8/21 1:49,19100
10/8/21 1:49,19200
10/8/21 3:30,19100
10/8/21 4:26,19050
10/8/21 5:48,19100
10/8/21 7:26,19300
10/8/21 9:34,19500
10/8/21 23:38,19450
10/9/21 0:17,19400
10/9/21 1:04,19300
10/9/21 1:30,19300
10/9/21 1:31,19250
10/9/21 2:03,19150
10/9/21 4:24,19275
10/9/21 5:31,19300
10/9/21 7:30,19300
10/9/21 9:30,19250
10/9/21 23:34,19300
10/10/21 2:23,19300
10/10/21 3:39,19350
10/10/21 5:28,19300
10/10/21 7:29,19300
10/10/21 9:30,19250
10/10/21 23:30,19250
10/11/21 2:58,19350
10/11/21 6:19,19300
10/11/21 7:27,19300
10/11/21 23:32,19450
10/12/21 0:12,19500
10/12/21 2:00,19650
10/12/21 3:50,19750
10/12/21 5:36,19800
10/12/21 7:24,19800
10/12/21 9:30,19850
10/12/21 23:40,20750
10/13/21 1:26,20900
10/13/21 1:44,21000
10/13/21 3:30,20850
10/13/21 5:51,21100
10/13/21 6:37,20850
10/13/21 7:24,20800
10/13/21 8:45,20500
10/13/21 9:31,20550
10/13/21 23:27,21050
10/14/21 1:30,20900
10/14/21 3:08,21150
10/14/21 5:30,20850
10/14/21 7:33,20950
10/14/21 9:39,20900
10/14/21 9:54,20800
10/14/21 23:35,20400
10/15/21 1:39,20400
10/15/21 4:43,20450
10/15/21 5:44,20400
10/15/21 7:32,20450
10/15/21 9:44,20350
10/15/21 23:24,20250
10/16/21 3:31,20250
10/16/21 5:00,20250
10/16/21 7:06,20450
10/16/21 7:32,20400
10/16/21 9:50,20550
10/16/21 23:30,20550
10/17/21 1:40,20550
10/17/21 3:31,20550
10/17/21 5:37,20650
10/17/21 8:18,20600
10/17/21 9:30,20550
10/17/21 23:30,20600
10/18/21 0:56,20650
10/18/21 1:19,20700
10/18/21 3:38,20650
10/18/21 5:22,20700
10/18/21 7:28,20750
10/18/21 23:22,20800
10/19/21 1:31,20850
10/19/21 3:05,20750
10/19/21 5:17,20600
10/19/21 7:24,20700
10/19/21 9:52,20600
10/19/21 23:31,20700
10/20/21 1:31,20650
10/20/21 3:49,20650
10/20/21 5:19,20450
10/20/21 7:31,20450
10/20/21 9:31,20400
10/20/21 23:17,20200
10/21/21 0:12,19900
10/21/21 0:38,20000
10/21/21 1:30,19900
10/21/21 2:18,19650
10/21/21 2:33,19500
10/21/21 3:30,19500
10/21/21 3:45,19700
10/21/21 4:02,20000
10/21/21 5:23,20200
10/21/21 7:48,20200
10/21/21 8:25,20150
10/21/21 9:35,20150
10/21/21 23:30,20250
10/22/21 1:25,20350
10/22/21 3:30,20400
10/22/21 5:30,20500
10/22/21 8:04,20550
10/22/21 9:39,20450
10/22/21 23:29,20425
10/23/21 0:59,20450
10/23/21 2:35,20400
10/23/21 4:58,20400
10/23/21 5:33,20400
10/23/21 8:34,20450
10/23/21 9:32,20450
10/23/21 23:38,20500
10/24/21 2:06,20500
10/24/21 3:39,20450
10/24/21 5:30,20450
10/24/21 7:31,20450
10/24/21 23:40,20350
10/25/21 2:28,20375
10/25/21 3:30,20400
10/25/21 5:39,20400
10/25/21 7:31,20400
10/25/21 9:42,20450
10/25/21 23:30,20550
10/26/21 1:28,20600
10/26/21 3:48,20600
10/26/21 5:30,20550
10/26/21 8:12,20450
10/26/21 9:30,20450
10/26/21 23:30,20450
10/27/21 1:30,20400
10/27/21 3:35,20475
10/27/21 5:30,20450
10/27/21 7:30,20450
10/27/21 9:30,20500
10/27/21 23:27,20500
10/28/21 1:43,20500
10/28/21 3:33,20450
10/28/21 5:30,20450
10/28/21 7:48,20400
10/28/21 9:20,20350
10/28/21 23:30,20350
10/29/21 1:30,20300
10/29/21 3:33,20300
10/29/21 5:30,20350
10/29/21 7:30,20200
10/29/21 9:50,20200
10/29/21 23:31,21300
10/30/21 0:34,21200
10/30/21 1:33,21250
10/30/21 2:10,21000
10/30/21 3:48,20950
10/30/21 5:32,21000
10/30/21 8:22,21000
10/31/21 0:03,20800
10/31/21 1:57,20900
10/31/21 4:57,20950
10/31/21 6:36,20975
10/31/21 9:24,21000
10/31/21 10:33,21000
11/1/21 0:35,21100
11/1/21 1:44,20800
11/1/21 2:30,20850
11/1/21 3:17,20900
11/1/21 3:35,20900
11/1/21 4:39,20900
11/1/21 6:31,20900
11/1/21 9:36,20900
11/1/21 10:40,20950
11/2/21 1:16,20900
11/2/21 3:53,20900
11/2/21 5:15,20825
11/2/21 6:34,20850
11/2/21 8:38,20875
11/2/21 10:30,20850
11/3/21 0:30,20850
11/3/21 1:50,20750
11/3/21 4:48,20700
11/3/21 8:30,20650
11/3/21 10:30,20700
11/4/21 0:45,20600
11/4/21 2:31,20650
11/4/21 4:44,20700
11/4/21 6:46,20700
11/4/21 8:30,20700
11/4/21 10:36,20725
11/5/21 0:31,20750
11/5/21 3:08,20800
11/5/21 4:26,20750
11/5/21 6:37,20750
11/5/21 6:45,20800
11/5/21 9:19,20800
11/5/21 10:30,20800
11/6/21 0:32,20800
11/6/21 2:30,20800
11/6/21 4:30,20800
11/6/21 6:32,20850
11/6/21 8:31,20850
11/6/21 10:35,20850
11/7/21 0:47,20850
11/7/21 1:48,20875
11/7/21 3:30,20900
11/7/21 5:40,20900
11/7/21 8:00,20900
11/7/21 9:58,20850
11/7/21 23:53,20850
11/8/21 2:39,20850
11/8/21 3:40,20850
11/8/21 5:30,20850
11/8/21 9:30,21000
11/8/21 23:30,21200
11/9/21 1:06,21250
11/9/21 1:32,21225
11/9/21 2:51,21300
11/9/21 3:32,21375
11/9/21 4:45,21400
11/9/21 7:47,21400
11/9/21 9:33,21350
11/9/21 23:32,21300
11/10/21 1:30,21400
11/10/21 3:31,21475
11/10/21 5:25,21550
11/10/21 7:50,21550
11/10/21 9:48,21700
11/10/21 23:49,21900
11/11/21 1:40,22200
11/11/21 2:05,22350
11/11/21 3:40,22300
11/11/21 5:30,22275
11/11/21 7:30,22275
11/11/21 8:54,22800
11/11/21 9:45,22700
11/11/21 23:52,22800
11/12/21 1:32,23050
11/12/21 2:20,23200
11/12/21 3:30,23000
11/12/21 5:30,22800
11/12/21 6:57,22600
11/12/21 7:41,22650
11/12/21 7:46,22550
11/12/21 9:33,22300
11/12/21 23:31,22550
11/13/21 1:37,22550
11/13/21 3:40,22600
11/13/21 5:31,22650
11/13/21 7:33,22700
11/13/21 8:50,22800
11/13/21 9:31,22850
11/13/21 23:35,22800
11/14/21 3:30,22700
11/14/21 5:40,22700
11/14/21 8:54,22800
11/14/21 9:57,22700
11/14/21 23:35,22750
11/15/21 1:37,22750
11/15/21 4:25,22800
11/15/21 5:35,22750
11/15/21 7:32,22850
11/15/21 8:57,22950
11/15/21 9:43,23100
11/15/21 23:51,22900
11/16/21 1:32,22900
11/16/21 3:45,23050
11/16/21 5:00,23000
11/16/21 5:36,23150
11/16/21 8:13,23100
11/16/21 9:42,23050
11/16/21 23:48,22950
11/17/21 1:31,22950
11/17/21 3:30,23000
11/17/21 7:32,23050
11/17/21 23:46,23000
11/18/21 1:24,23150
11/18/21 4:05,23150
11/18/21 5:32,23200
11/18/21 8:07,23200
11/18/21 9:18,23050
11/18/21 23:31,23075
11/19/21 1:30,23125
11/19/21 3:32,23125
11/19/21 6:14,23100
11/19/21 7:32,23100
11/19/21 9:57,23150
11/20/21 0:25,23150
11/20/21 1:27,23150
11/20/21 3:39,23250
11/20/21 5:34,23225
11/20/21 8:15,23250
11/20/21 9:39,23300
11/20/21 23:31,23300
11/21/21 1:16,23400
11/21/21 2:34,23350
11/21/21 7:31,23400
11/21/21 9:30,23600
11/21/21 22:47,23500
11/22/21 1:32,23350
11/22/21 3:03,23400
11/22/21 5:22,23400
11/22/21 7:35,23400
11/22/21 9:31,23350
11/22/21 23:31,23550
11/23/21 2:43,23550
11/23/21 4:26,23550
11/23/21 5:31,23550
11/23/21 7:53,23650
11/23/21 8:23,23700
11/23/21 9:30,23700
11/23/21 23:40,23750
11/24/21 1:55,23900
11/24/21 3:05,24000
11/24/21 3:30,24100
11/24/21 5:49,24000
11/24/21 7:39,24150
11/24/21 9:24,24400
11/24/21 23:49,24300
11/25/21 1:31,24350
11/25/21 2:22,24525
11/25/21 3:33,24550
11/25/21 3:37,24600
11/25/21 5:39,24650
11/25/21 7:36,24950
11/25/21 7:37,24950
11/25/21 8:43,24950
11/25/21 8:47,25000
11/25/21 10:03,25000
11/25/21 23:39,24975
11/26/21 1:01,25050
11/26/21 1:39,25200
11/26/21 3:04,25350
11/26/21 3:53,25550
11/26/21 3:58,25700
11/26/21 5:41,25400
11/26/21 5:56,25250
11/26/21 6:13,24950
11/26/21 6:14,24650
11/26/21 6:36,24700
11/26/21 6:42,24600
11/26/21 6:56,24500
11/26/21 7:43,24650
11/26/21 8:08,25000
11/26/21 9:24,25000
11/26/21 22:49,25000
11/26/21 23:08,24950
11/26/21 23:46,24900
11/27/21 1:39,24700
11/27/21 3:30,24650
11/27/21 4:59,24550
11/27/21 5:08,24600
11/27/21 5:30,24650
11/27/21 6:03,24750
11/27/21 7:31,24750
11/27/21 10:06,24700
11/27/21 23:36,24700
11/28/21 0:57,24750
11/28/21 2:43,24800
11/28/21 3:22,24750
11/28/21 5:21,24800
11/28/21 8:06,24750
11/28/21 23:40,24750
11/29/21 0:37,24700
11/29/21 2:39,24650
11/29/21 4:31,24650
11/29/21 5:30,24650
11/29/21 7:11,24750
11/29/21 9:29,24750
11/29/21 23:30,24750
11/30/21 1:31,24750
11/30/21 3:30,24700
11/30/21 5:55,24650
11/30/21 8:59,24700
11/30/21 9:39,24700
11/30/21 23:34,24600
12/1/21 0:38,24550
12/1/21 1:13,24500
12/1/21 2:13,24500
12/1/21 3:54,24500
12/1/21 7:33,24300
12/1/21 8:09,24250
12/1/21 8:33,24100
12/1/21 8:38,24050
12/1/21 9:32,24050
12/1/21 22:10,24100
12/1/21 23:30,24050
12/2/21 0:38,23975
12/2/21 1:30,23850
12/2/21 2:58,23550
12/2/21 3:30,23450
12/2/21 4:15,23250
12/2/21 4:42,23500
12/2/21 5:30,23500
12/2/21 5:49,23750
12/2/21 6:18,23950
12/2/21 6:36,23750
12/2/21 7:40,23750
12/2/21 8:26,23650
12/2/21 10:16,23500
12/2/21 23:15,22000
12/3/21 0:35,22300
12/3/21 1:30,22500
12/3/21 2:00,22550
12/3/21 3:03,22650
12/3/21 3:30,22550
12/3/21 3:59,22950
12/3/21 4:55,23450
12/3/21 5:16,23650
12/3/21 5:33,23850
12/3/21 6:04,23250
12/3/21 6:50,23300
12/3/21 7:48,23450
12/3/21 11:50,23600
12/3/21 23:34,23750
12/4/21 0:40,23700
12/4/21 0:59,23750
12/4/21 1:33,23750
12/4/21 2:10,23850
12/4/21 2:58,24000
12/4/21 3:30,23800
12/4/21 6:22,23750
12/4/21 7:20,22600
12/4/21 7:43,22500
12/4/21 7:58,22600
12/4/21 9:35,22550
12/4/21 21:40,22650
12/4/21 23:15,22650
12/5/21 1:48,22800
12/5/21 2:49,22700
12/5/21 3:34,22700
12/5/21 5:48,22650
12/5/21 7:42,22650
12/5/21 8:48,22700
12/5/21 8:59,22750
12/5/21 22:30,23050
12/5/21 23:45,23100
12/6/21 1:08,23350
12/6/21 1:31,23250
12/6/21 1:37,23150
12/6/21 2:43,23100
12/6/21 5:05,23200
12/6/21 5:17,23100
12/6/21 6:08,23150
12/6/21 7:33,23250
12/6/21 7:44,23400
12/6/21 9:01,23300
12/6/21 9:20,23200
12/6/21 9:21,23150
12/6/21 9:34,23100
12/6/21 10:01,23150
12/6/21 22:39,23150
12/6/21 23:30,23200
12/7/21 0:24,23150
12/7/21 1:38,23150
12/7/21 2:44,23250
12/7/21 3:39,23250
12/7/21 5:11,23350
12/7/21 6:14,23300
12/7/21 7:40,23300
12/7/21 8:11,23250
12/7/21 9:24,23350
12/7/21 10:30,23350
12/7/21 11:03,23300
12/7/21 11:13,23350
12/7/21 22:01,23400
12/7/21 22:02,23500
12/7/21 22:17,23650
12/7/21 23:30,23750
12/7/21 23:34,23800
12/7/21 23:36,23900
12/8/21 0:56,23850
12/8/21 1:32,23750
12/8/21 1:57,23700
12/8/21 3:18,23850
12/8/21 4:28,23800
12/8/21 5:08,23850
12/8/21 6:32,24100
12/8/21 8:01,24150
12/8/21 8:03,24250
12/8/21 8:21,24400
12/8/21 9:01,24300
12/8/21 9:33,24350
12/8/21 9:36,24300
12/8/21 9:45,24350
12/8/21 10:37,24300
12/8/21 10:53,24400
12/8/21 22:11,25100
12/8/21 23:33,25100
12/8/21 23:56,25000
12/9/21 0:21,24950
12/9/21 0:41,24850
12/9/21 1:26,24750
12/9/21 1:54,24800
12/9/21 3:30,24800
12/9/21 4:40,25100
12/9/21 5:17,25250
12/9/21 5:47,25350
12/9/21 6:23,25500
12/9/21 6:54,25450
12/9/21 7:22,25500
12/9/21 8:43,25500
12/9/21 9:22,25450
12/9/21 9:34,25500
12/9/21 10:30,25450
12/9/21 11:12,25550
12/9/21 23:06,25450
12/9/21 23:44,25450
12/10/21 0:11,25400
12/10/21 0:56,25525
12/10/21 1:27,25500
12/10/21 2:38,25700
12/10/21 3:30,25700
12/10/21 4:18,25750
12/10/21 5:07,25850
12/10/21 5:30,26000
12/10/21 6:12,25800
12/10/21 6:52,25900
12/10/21 7:30,25950
12/10/21 8:23,26100
12/10/21 9:30,25950
12/10/21 9:37,25750
12/10/21 10:08,25650
12/10/21 10:15,25600
12/10/21 10:59,25600
12/10/21 22:32,25700
12/10/21 23:48,25650
12/11/21 1:25,25700
12/11/21 2:02,25750
12/11/21 2:38,25650
12/11/21 4:57,25650
12/11/21 6:18,25600
12/11/21 7:21,25650
12/11/21 8:30,25500
12/11/21 9:27,25550
12/11/21 11:04,25650
12/11/21 22:30,25650
12/11/21 23:31,25650
12/12/21 0:33,25700
12/12/21 1:35,25750
12/12/21 1:40,25800
12/12/21 2:48,25850
12/12/21 3:55,25850
12/12/21 5:21,25800
12/12/21 5:30,25775
12/12/21 7:31,25900
12/12/21 10:32,26100
12/12/21 11:17,26200
12/12/21 22:28,26300
12/12/21 23:53,26350
12/13/21 1:03,26450
12/13/21 1:30,26500
12/13/21 2:54,26600
12/13/21 3:30,26600
12/13/21 4:13,26750
12/13/21 4:59,26650
12/13/21 5:58,26900
12/13/21 6:47,27050
12/13/21 7:30,27000
12/13/21 7:57,26950
12/13/21 8:01,26900
12/13/21 8:02,26850
12/13/21 9:30,27050
12/13/21 10:29,27200
12/13/21 22:50,27350
12/13/21 22:53,27400
12/13/21 23:37,27400
12/14/21 0:44,27700
12/14/21 0:54,27800
12/14/21 1:42,28000
12/14/21 2:11,28150
12/14/21 2:59,28200
12/14/21 3:39,28200
12/14/21 4:54,28300
12/14/21 5:25,28400
12/14/21 5:57,28250
12/14/21 6:54,28300
12/14/21 8:10,28450
12/14/21 8:21,28700
12/14/21 8:52,29000
12/14/21 9:18,28800
12/14/21 9:18,28800
12/14/21 10:58,27400
12/14/21 11:14,27800
12/14/21 22:39,26900
12/14/21 22:58,27000
12/15/21 0:03,26900
12/15/21 1:42,26500
12/15/21 1:47,26200
12/15/21 2:47,26750
12/15/21 3:14,27150
12/15/21 3:34,27200
12/15/21 4:25,27300
12/15/21 4:47,27200
12/15/21 5:01,27400
12/15/21 5:30,27500
12/15/21 6:53,27800
12/15/21 7:07,27900
12/15/21 7:50,27650
12/15/21 8:08,27750
12/15/21 8:29,28050
12/15/21 8:59,28100
12/15/21 9:30,28200
12/15/21 10:17,28000
12/15/21 22:32,28250
12/15/21 23:03,28350
12/15/21 23:34,28300
12/16/21 1:39,28300
12/16/21 2:33,28150
12/16/21 3:03,28250
12/16/21 3:13,28100
12/16/21 4:49,28150
12/16/21 5:31,28150
12/16/21 5:52,27900
12/16/21 6:01,27600
12/16/21 6:19,27400
12/16/21 6:36,27350
12/16/21 6:46,27400
12/16/21 7:14,27700
12/16/21 8:36,28300
12/16/21 9:28,27050
12/16/21 10:37,27050
12/16/21 22:31,26500
12/16/21 22:57,26300
12/17/21 0:34,26800
12/17/21 1:10,27000
12/17/21 1:58,27150
12/17/21 2:20,27300
12/17/21 4:48,27300
12/17/21 5:30,27400
12/17/21 8:57,27600
12/17/21 8:57,27600
12/17/21 10:18,27400
12/17/21 10:27,27300
12/17/21 10:58,27200
12/17/21 22:36,27100
12/18/21 0:28,27200
12/18/21 2:40,27200
12/18/21 3:40,27150
12/18/21 5:22,27100
12/18/21 6:38,27150
12/18/21 7:26,27250
12/18/21 9:35,27200
12/18/21 22:31,27250
12/19/21 0:40,27200
12/19/21 1:24,27050
12/19/21 3:21,27100
12/19/21 5:58,27000
12/19/21 7:25,27100
12/19/21 10:30,27075
12/19/21 23:00,27100
12/19/21 23:31,27000
12/20/21 0:11,26850
12/20/21 3:31,27000
12/20/21 6:52,27300
12/20/21 7:26,27400
12/20/21 8:20,27550
12/20/21 9:19,27800
12/20/21 9:50,27550
12/20/21 10:22,27650
12/20/21 22:34,27600
12/21/21 0:29,27400
12/21/21 1:37,27200
12/21/21 2:19,27250
12/21/21 3:29,27350
12/21/21 5:42,27450
12/21/21 7:30,27550
12/21/21 12:31,27200
12/21/21 22:30,27250
12/21/21 23:47,27300
12/22/21 1:42,27350
12/22/21 1:42,27350
12/22/21 3:30,27300
12/22/21 4:48,27350
12/22/21 5:36,27350
12/22/21 7:26,27350
12/22/21 9:35,27350
12/22/21 22:52,27350
12/23/21 0:27,27250
12/23/21 2:20,27125
12/23/21 2:58,27100
12/23/21 2:59,26950
12/23/21 3:20,26975
12/23/21 3:52,26900
12/23/21 5:28,26750
12/23/21 6:05,26600
12/23/21 6:59,26750
12/23/21 9:31,26900
12/23/21 23:00,26800
12/23/21 23:52,26750
12/24/21 1:42,26850
12/24/21 4:01,26850
12/24/21 4:29,26800
12/24/21 6:01,26900
12/24/21 7:32,27000
12/24/21 9:37,27050
12/24/21 22:31,27100
12/24/21 23:21,27100
12/25/21 1:48,27100
12/25/21 2:12,27200
12/25/21 3:31,27300
12/25/21 4:11,27200
12/25/21 5:30,27250
12/25/21 7:30,27150
12/25/21 9:04,27200
12/25/21 9:33,27200
12/25/21 22:35,27150
12/26/21 0:32,27250
12/26/21 1:28,27400
12/26/21 2:21,27450
12/26/21 4:06,27500
12/26/21 5:40,27500
12/26/21 6:41,27450
12/26/21 8:39,27400
12/26/21 9:30,27375
12/26/21 22:40,27400
12/26/21 23:31,27400
12/27/21 1:37,27400
12/27/21 3:23,27350
12/27/21 5:26,27350
12/27/21 7:16,27400
12/27/21 8:53,27450
12/27/21 23:35,27450
12/28/21 2:36,27400
12/28/21 3:44,27400
12/28/21 6:02,27400
12/28/21 7:54,27400
12/28/21 22:31,27500
12/29/21 0:04,27450
12/29/21 1:56,27600
12/29/21 3:30,27650
12/29/21 5:08,27625
12/29/21 5:46,27700
12/29/21 7:29,27675
12/29/21 7:35,27600
12/29/21 8:29,27450
12/29/21 9:38,27500
12/29/21 22:34,27500
12/30/21 0:00,27500
12/30/21 1:47,27500
12/30/21 3:39,27500
12/30/21 7:28,27450
12/30/21 9:36,27450
12/30/21 23:10,27500
12/31/21 1:40,27500
12/31/21 4:58,27650
12/31/21 5:30,27550
12/31/21 9:32,27650
12/31/21 22:34,27650
1/1/22 1:09,27650
1/1/22 1:47,27700
1/1/22 3:30,27800
1/1/22 3:36,28000
1/1/22 4:11,28200
1/1/22 6:02,28250
1/1/22 7:33,28250
1/1/22 8:40,28350
1/1/22 22:44,28550
1/2/22 0:35,28700
1/2/22 1:26,28800
1/2/22 4:32,28550
1/2/22 5:29,28350
1/2/22 6:31,28500
1/2/22 7:34,28450
1/2/22 8:01,28500
1/2/22 10:10,28450
1/2/22 23:04,28750
1/2/22 23:27,28650
1/3/22 1:52,28700
1/3/22 2:36,28750
1/3/22 2:58,28800
1/3/22 4:27,28900
1/3/22 5:48,28950
1/3/22 6:37,29000
1/3/22 7:40,29100
1/3/22 10:00,29250
1/3/22 23:05,29600
1/3/22 23:54,29500
1/4/22 1:08,29900
1/4/22 1:45,29850
1/4/22 2:00,29800
1/4/22 3:30,29700
1/4/22 5:22,29800
1/4/22 6:53,29750
1/4/22 8:09,30050
1/4/22 8:32,30100
1/4/22 9:16,30050
1/4/22 9:20,30000
1/4/22 9:35,29900
1/4/22 22:33,29950
1/5/22 0:24,29900
1/5/22 1:37,29750
1/5/22 2:32,29850
1/5/22 3:32,29975
1/5/22 5:31,29850
1/5/22 9:30,29850
1/5/22 23:36,29750
1/6/22 0:35,29850
1/6/22 3:38,30000
1/6/22 5:07,30050
1/6/22 6:15,30000
1/6/22 7:01,30000
1/6/22 8:26,30100
1/6/22 9:01,30050
1/6/22 10:18,30000
1/6/22 23:06,30000
1/6/22 23:30,30000
1/7/22 2:13,30150
1/7/22 3:15,30050
1/7/22 3:42,30100
1/7/22 5:39,30050
1/7/22 5:59,29950
1/7/22 7:31,30100
1/7/22 9:30,30100
1/7/22 22:35,30100
1/7/22 23:30,30100
1/8/22 1:30,30100
1/8/22 3:47,30150
1/8/22 5:30,30200
1/8/22 6:10,30250
1/8/22 7:30,30200
1/8/22 9:49,30350
1/8/22 22:48,30400
1/8/22 23:30,30400
1/9/22 1:31,30600
1/9/22 3:06,30600
1/9/22 3:40,30600
1/9/22 5:11,30700
1/9/22 6:02,30600
1/9/22 7:27,30550
1/9/22 9:39,30650
1/9/22 22:32,30550
1/10/22 0:43,30600
1/10/22 1:28,30600
1/10/22 2:13,30850
1/10/22 2:23,30950
1/10/22 3:29,31000
1/10/22 4:54,31250
1/10/22 5:26,31500
1/10/22 6:26,31700
1/10/22 6:53,31750
1/10/22 7:41,31850
1/10/22 8:43,32150
1/10/22 9:10,32000
1/10/22 10:06,32050
1/10/22 22:17,32400
1/10/22 23:31,32200
1/10/22 23:54,32300
1/11/22 0:38,32650
1/11/22 1:04,32900
1/11/22 1:24,33200
1/11/22 2:13,33300
1/11/22 3:07,33700
1/11/22 3:59,33000
1/11/22 4:38,33200
1/11/22 6:02,32600
1/11/22 6:39,32900
1/11/22 6:41,32750
1/11/22 8:54,32100
1/11/22 9:35,31900
1/11/22 9:47,31800
1/11/22 22:34,31900
1/11/22 23:30,31700
1/12/22 0:14,31900
1/12/22 0:39,32100
1/12/22 1:03,32000
1/12/22 2:55,32150
1/12/22 3:30,32200
1/12/22 5:53,31800
1/12/22 6:50,31650
1/12/22 7:13,31550
1/12/22 7:39,31300
1/12/22 7:57,31250
1/12/22 8:55,31050
1/12/22 9:43,31050
1/12/22 23:15,31500
1/13/22 0:06,31800
1/13/22 1:55,31500
1/13/22 2:24,31350
1/13/22 2:36,31200
1/13/22 5:31,30900
1/13/22 6:24,30550
1/13/22 7:16,30250
1/13/22 9:30,29950
1/13/22 22:28,28950
1/13/22 23:13,28100
1/14/22 0:34,27700
1/14/22 1:52,27800
1/14/22 2:18,28050
1/14/22 2:35,28500
1/14/22 2:52,28250
1/14/22 3:24,28400
1/14/22 4:36,28800
1/14/22 5:11,28800
1/14/22 5:59,28300
1/14/22 6:29,27800
1/14/22 6:39,27700
1/14/22 8:11,27900
1/14/22 8:27,28400
1/14/22 8:59,28100
1/14/22 10:05,28000
1/14/22 23:38,27600
1/15/22 0:11,27600
1/15/22 0:26,27400
1/15/22 1:25,27150
1/15/22 1:40,27000
1/15/22 2:02,26950
1/15/22 2:06,26800
1/15/22 2:21,26750
1/15/22 3:13,26650
1/15/22 4:11,26500
1/15/22 4:53,26600
1/15/22 5:23,26575
1/15/22 7:41,26400
1/15/22 9:23,25300
1/15/22 9:53,25000
1/15/22 10:08,24800
1/15/22 22:30,24700
1/15/22 23:57,24500
1/15/22 23:59,24400
1/16/22 0:53,24200
1/16/22 0:55,24200
1/16/22 1:08,24100
1/16/22 1:25,23900
1/16/22 1:52,23800
1/16/22 1:54,23750
1/16/22 2:09,23700
1/16/22 2:22,23600
1/16/22 3:30,24500
1/16/22 4:19,24600
1/16/22 4:21,24800
1/16/22 4:58,24600
1/16/22 5:23,24900
1/16/22 5:30,25000
1/16/22 6:00,25050
1/16/22 6:39,24600
1/16/22 7:30,24800
1/16/22 9:19,24850
1/16/22 9:30,24700
1/16/22 22:24,24300
1/16/22 22:40,24500
1/16/22 23:29,24600
1/16/22 23:45,24900
1/17/22 0:20,25200
1/17/22 0:46,25350
1/17/22 1:35,25000
1/17/22 2:10,25200
1/17/22 2:49,25300
1/17/22 3:29,25500
1/17/22 3:38,25200
1/17/22 4:20,25000
1/17/22 5:53,25000
1/17/22 7:52,25150
1/17/22 8:45,24950
1/17/22 9:30,24950
1/17/22 10:30,25050
1/17/22 23:03,24800
1/17/22 23:44,24700
1/18/22 0:45,24850
1/18/22 1:23,25100
1/18/22 3:39,25000
1/18/22 5:34,24800
1/18/22 7:10,25000
1/18/22 7:48,24850
1/18/22 9:00,24600
1/18/22 9:39,24450
1/18/22 10:07,24450
1/18/22 22:29,24200
1/18/22 23:30,24100
1/18/22 23:34,24050
1/19/22 0:17,23900
1/19/22 1:01,23850
1/19/22 1:45,23700
1/19/22 2:28,23600
1/19/22 2:58,23700
1/19/22 3:48,23550
1/19/22 4:23,23300
1/19/22 4:24,23300
1/19/22 5:08,22900
1/19/22 5:31,22950
1/19/22 5:52,23000
1/19/22 6:30,22950
1/19/22 6:51,22850
1/19/22 7:03,22650
1/19/22 7:34,22400
1/19/22 8:17,22700
1/19/22 8:43,23200
1/19/22 9:38,23300
1/19/22 23:04,23500
1/19/22 23:19,23500
1/20/22 0:40,23350
1/20/22 1:30,23250
1/20/22 3:30,23100
1/20/22 4:52,23000
1/20/22 5:21,23200
1/20/22 7:24,23100
1/20/22 9:39,23100
1/20/22 10:30,23200
1/20/22 23:31,23200
1/21/22 1:26,23150
1/21/22 3:31,23100
1/21/22 5:58,23150
1/21/22 6:53,23200
1/21/22 8:02,23150
1/21/22 9:39,23175
1/21/22 23:51,23150
1/22/22 2:06,23150
1/22/22 3:12,23100
1/22/22 4:25,23075
1/22/22 7:56,23125
1/22/22 10:16,23100
1/22/22 23:30,23150
1/23/22 1:16,23200
1/23/22 3:06,23200
1/23/22 4:34,23150
1/23/22 5:30,23200
1/23/22 7:48,23200
1/23/22 9:30,23200
1/23/22 23:27,23200
1/24/22 2:50,23850
1/24/22 3:40,23550
1/24/22 4:31,23650
1/24/22 5:13,23700
1/24/22 7:17,23950
1/24/22 7:30,24000
1/24/22 7:56,23800
1/24/22 8:21,23650
1/24/22 9:30,23650
1/24/22 23:17,23550
1/24/22 23:52,23400
1/25/22 0:37,23300
1/25/22 1:12,23400
1/25/22 1:32,23400
1/25/22 3:05,23600
1/25/22 3:31,23600
1/25/22 4:26,23700
1/25/22 5:40,23450
1/25/22 6:48,23475
1/25/22 7:30,23500
1/25/22 9:39,23300
1/25/22 22:57,23350
1/25/22 23:52,23350
1/26/22 1:37,23450
1/26/22 3:11,23300
1/26/22 5:34,23200
1/26/22 6:57,23100
1/26/22 8:08,23100
1/26/22 9:05,23100
1/26/22 9:30,23100
1/26/22 9:41,23050
1/26/22 22:50,23050
1/26/22 23:46,23100
1/27/22 0:39,23000
1/27/22 2:49,22950
1/27/22 3:09,22900
1/27/22 5:31,22700
1/27/22 6:32,22750
1/27/22 7:18,22700
1/27/22 8:31,22800
1/27/22 10:50,22700
1/27/22 23:30,22700
1/28/22 1:13,22650
1/28/22 3:49,22600
1/28/22 3:49,22600
1/28/22 5:30,22600
1/28/22 8:42,22450
1/28/22 9:46,22500
1/28/22 23:20,22450
1/29/22 1:19,22450
1/29/22 2:42,22300
1/29/22 3:49,22250
1/29/22 4:35,22150
1/29/22 5:31,22275
1/29/22 6:18,22225
1/29/22 7:57,22150
1/29/22 10:03,22100
1/29/22 22:48,22150
1/29/22 23:57,22150
1/30/22 1:09,22125
1/30/22 3:23,22050
1/30/22 3:30,22000
1/30/22 5:16,21700
1/30/22 5:59,21800
1/30/22 7:42,21950
1/30/22 8:29,21900
1/30/22 22:49,21800
1/30/22 23:48,21900
1/31/22 0:27,21900
1/31/22 1:48,21600
1/31/22 2:45,21400
1/31/22 2:56,21350
1/31/22 3:39,21200
1/31/22 4:53,20900
1/31/22 5:26,20800
1/31/22 7:41,21100
1/31/22 9:24,20800
1/31/22 10:34,20600
1/31/22 11:42,20400
1/31/22 22:31,20400
1/31/22 23:31,20300
2/1/22 1:08,20100
2/1/22 1:30,20050
2/1/22 2:22,19950
2/1/22 2:45,19900
2/1/22 3:17,19800
2/1/22 3:32,19700
2/1/22 4:44,19650
2/1/22 5:20,19900
2/1/22 5:36,19850
2/1/22 7:35,20800
2/1/22 8:13,20200
2/1/22 8:22,20250
2/1/22 12:00,20600
2/1/22 22:20,20850
2/1/22 23:36,20850
2/2/22 1:33,21000
2/2/22 1:52,20800
2/2/22 1:57,20700
2/2/22 2:46,20700
2/2/22 3:39,20650
2/2/22 4:50,20750
2/2/22 5:39,20800
2/2/22 6:11,20800
2/2/22 7:28,20800
2/2/22 9:31,21000
2/2/22 23:04,21500
2/2/22 23:30,21450
2/3/22 0:42,21400
2/3/22 1:17,21550
2/3/22 1:39,21450
2/3/22 1:45,21400
2/3/22 3:31,21350
2/3/22 4:52,21350
2/3/22 5:40,21450
2/3/22 7:36,21500
2/3/22 7:48,21600
2/3/22 9:33,21700
2/3/22 22:11,21650
2/3/22 23:40,21600
2/4/22 0:25,21500
2/4/22 1:58,21550
2/4/22 3:29,21600
2/4/22 5:04,21600
2/4/22 5:48,21600
2/4/22 7:02,21600
2/4/22 7:34,21450
2/4/22 8:50,21400
2/4/22 9:30,21450
2/4/22 22:30,21400
2/4/22 23:41,21350
2/5/22 0:29,21275
2/5/22 1:39,21300
2/5/22 4:29,21200
2/5/22 5:34,21250
2/5/22 7:29,21250
2/5/22 7:33,21250
2/5/22 9:12,21300
2/5/22 9:40,21350
2/5/22 23:45,21250
2/6/22 1:09,21200
2/6/22 1:39,21250
2/6/22 3:39,21250
2/6/22 5:41,21250
2/6/22 7:55,21200
2/6/22 9:31,21250
2/6/22 23:37,21300
2/7/22 1:33,21350
2/7/22 3:00,21350
2/7/22 3:30,21350
2/7/22 5:32,21250
2/7/22 7:10,21300
2/7/22 7:40,21250
2/7/22 7:40,21250
2/7/22 7:40,21250
2/7/22 7:40,21250
2/7/22 9:32,21300
2/7/22 23:14,21250
2/8/22 1:48,21300
2/8/22 3:49,21350
2/8/22 7:30,21350
2/8/22 8:24,21300
2/8/22 10:33,21250